date,instrument,strategy,target_weight,executed_weight,session_return,mode
2017-11-17,EQ_A,"ma_trend[fast=10,slow=100]",0.0,0.0,0.0,SHADOW_ONLY
2017-11-20,EQ_A,"ma_trend[fast=10,slow=100]",0.0,0.0,-0.0,SHADOW_ONLY
2017-11-21,EQ_A,"ma_trend[fast=10,slow=100]",0.0,0.0,0.0,SHADOW_ONLY
2017-11-22,EQ_A,"ma_trend[fast=10,slow=100]",0.0,0.0,0.0,SHADOW_ONLY
2017-11-23,EQ_A,"ma_trend[fast=10,slow=100]",0.0,0.0,-0.0,SHADOW_ONLY
2017-11-24,EQ_A,"ma_trend[fast=10,slow=100]",0.0,0.0,0.0,SHADOW_ONLY
2017-11-27,EQ_A,"ma_trend[fast=10,slow=100]",0.0,0.0,-0.0,SHADOW_ONLY
2017-11-28,EQ_A,"ma_trend[fast=10,slow=100]",0.0,0.0,-0.0,SHADOW_ONLY
2017-11-29,EQ_A,"ma_trend[fast=10,slow=100]",0.0,0.0,-0.0,SHADOW_ONLY
2017-11-30,EQ_A,"ma_trend[fast=10,slow=100]",0.0,0.0,0.0,SHADOW_ONLY
2017-12-01,EQ_A,"ma_trend[fast=10,slow=100]",0.0,0.0,-0.0,SHADOW_ONLY
2017-12-04,EQ_A,"ma_trend[fast=10,slow=100]",0.0,0.0,-0.0,SHADOW_ONLY
2017-12-05,EQ_A,"ma_trend[fast=10,slow=100]",0.0,0.0,0.0,SHADOW_ONLY
2017-12-06,EQ_A,"ma_trend[fast=10,slow=100]",0.0,0.0,0.0,SHADOW_ONLY
2017-12-07,EQ_A,"ma_trend[fast=10,slow=100]",0.0,0.0,-0.0,SHADOW_ONLY
2017-12-08,EQ_A,"ma_trend[fast=10,slow=100]",0.0,0.0,0.0,SHADOW_ONLY
2017-12-11,EQ_A,"ma_trend[fast=10,slow=100]",0.0,0.0,0.0,SHADOW_ONLY
2017-12-12,EQ_A,"ma_trend[fast=10,slow=100]",0.0,0.0,-0.0,SHADOW_ONLY
2017-12-13,EQ_A,"ma_trend[fast=10,slow=100]",0.0,0.0,0.0,SHADOW_ONLY
2017-12-14,EQ_A,"ma_trend[fast=10,slow=100]",0.0,0.0,-0.0,SHADOW_ONLY
2017-12-15,EQ_A,"ma_trend[fast=10,slow=100]",0.0,0.0,-0.0,SHADOW_ONLY
2017-12-18,EQ_A,"ma_trend[fast=10,slow=100]",0.0,0.0,-0.0,SHADOW_ONLY
2017-12-19,EQ_A,"ma_trend[fast=10,slow=100]",0.0,0.0,0.0,SHADOW_ONLY
2017-12-20,EQ_A,"ma_trend[fast=10,slow=100]",0.0,0.0,0.0,SHADOW_ONLY
2017-12-21,EQ_A,"ma_trend[fast=10,slow=100]",0.0,0.0,-0.0,SHADOW_ONLY
2017-12-22,EQ_A,"ma_trend[fast=10,slow=100]",0.0,0.0,0.0,SHADOW_ONLY
2017-12-25,EQ_A,"ma_trend[fast=10,slow=100]",0.0,0.0,-0.0,SHADOW_ONLY
2017-12-26,EQ_A,"ma_trend[fast=10,slow=100]",0.0,0.0,0.0,SHADOW_ONLY
2017-12-27,EQ_A,"ma_trend[fast=10,slow=100]",0.0,0.0,0.0,SHADOW_ONLY
2017-12-28,EQ_A,"ma_trend[fast=10,slow=100]",0.0,0.0,-0.0,SHADOW_ONLY
2017-12-29,EQ_A,"ma_trend[fast=10,slow=100]",0.0,0.0,-0.0,SHADOW_ONLY
2018-01-01,EQ_A,"ma_trend[fast=10,slow=100]",0.0,0.0,-0.0,SHADOW_ONLY
2018-01-02,EQ_A,"ma_trend[fast=10,slow=100]",0.0,0.0,-0.0,SHADOW_ONLY
2018-01-03,EQ_A,"ma_trend[fast=10,slow=100]",0.0,0.0,0.0,SHADOW_ONLY
2018-01-04,EQ_A,"ma_trend[fast=10,slow=100]",0.0,0.0,0.0,SHADOW_ONLY
2018-01-05,EQ_A,"ma_trend[fast=10,slow=100]",0.0,0.0,-0.0,SHADOW_ONLY
2018-01-08,EQ_A,"ma_trend[fast=10,slow=100]",0.0,0.0,-0.0,SHADOW_ONLY
2018-01-09,EQ_A,"ma_trend[fast=10,slow=100]",0.0,0.0,-0.0,SHADOW_ONLY
2018-01-10,EQ_A,"ma_trend[fast=10,slow=100]",0.0,0.0,-0.0,SHADOW_ONLY
2018-01-11,EQ_A,"ma_trend[fast=10,slow=100]",0.0,0.0,-0.0,SHADOW_ONLY
2018-01-12,EQ_A,"ma_trend[fast=10,slow=100]",0.0,0.0,0.0,SHADOW_ONLY
2018-01-15,EQ_A,"ma_trend[fast=10,slow=100]",0.0,0.0,0.0,SHADOW_ONLY
2018-01-16,EQ_A,"ma_trend[fast=10,slow=100]",0.0,0.0,0.0,SHADOW_ONLY
2018-01-17,EQ_A,"ma_trend[fast=10,slow=100]",0.0,0.0,-0.0,SHADOW_ONLY
2018-01-18,EQ_A,"ma_trend[fast=10,slow=100]",0.0,0.0,0.0,SHADOW_ONLY
2018-01-19,EQ_A,"ma_trend[fast=10,slow=100]",0.0,0.0,-0.0,SHADOW_ONLY
2018-01-22,EQ_A,"ma_trend[fast=10,slow=100]",0.0,0.0,0.0,SHADOW_ONLY
2018-01-23,EQ_A,"ma_trend[fast=10,slow=100]",0.0,0.0,0.0,SHADOW_ONLY
2018-01-24,EQ_A,"ma_trend[fast=10,slow=100]",0.0,0.0,0.0,SHADOW_ONLY
2018-01-25,EQ_A,"ma_trend[fast=10,slow=100]",0.0,0.0,0.0,SHADOW_ONLY
2018-01-26,EQ_A,"ma_trend[fast=10,slow=100]",0.0,0.0,-0.0,SHADOW_ONLY
2018-01-29,EQ_A,"ma_trend[fast=10,slow=100]",0.0,0.0,-0.0,SHADOW_ONLY
2018-01-30,EQ_A,"ma_trend[fast=10,slow=100]",0.0,0.0,-0.0,SHADOW_ONLY
2018-01-31,EQ_A,"ma_trend[fast=10,slow=100]",0.0,0.0,0.0,SHADOW_ONLY
2018-02-01,EQ_A,"ma_trend[fast=10,slow=100]",0.0,0.0,0.0,SHADOW_ONLY
2018-02-02,EQ_A,"ma_trend[fast=10,slow=100]",0.0,0.0,0.0,SHADOW_ONLY
2018-02-05,EQ_A,"ma_trend[fast=10,slow=100]",0.0,0.0,-0.0,SHADOW_ONLY
2018-02-06,EQ_A,"ma_trend[fast=10,slow=100]",0.0,0.0,-0.0,SHADOW_ONLY
2018-02-07,EQ_A,"ma_trend[fast=10,slow=100]",0.0,0.0,0.0,SHADOW_ONLY
2018-02-08,EQ_A,"ma_trend[fast=10,slow=100]",0.0,0.0,0.0,SHADOW_ONLY
2018-02-09,EQ_A,"ma_trend[fast=10,slow=100]",0.0,0.0,0.0,SHADOW_ONLY
2018-02-12,EQ_A,"ma_trend[fast=10,slow=100]",0.0,0.0,-0.0,SHADOW_ONLY
2018-02-13,EQ_A,"ma_trend[fast=10,slow=100]",0.0,0.0,-0.0,SHADOW_ONLY
2018-02-14,EQ_A,"ma_trend[fast=10,slow=100]",0.0,0.0,0.0,SHADOW_ONLY
2018-02-15,EQ_A,"ma_trend[fast=10,slow=100]",0.0,0.0,0.0,SHADOW_ONLY
2018-02-16,EQ_A,"ma_trend[fast=10,slow=100]",0.0,0.0,0.0,SHADOW_ONLY
2018-02-19,EQ_A,"ma_trend[fast=10,slow=100]",0.0,0.0,0.0,SHADOW_ONLY
2018-02-20,EQ_A,"ma_trend[fast=10,slow=100]",0.0,0.0,-0.0,SHADOW_ONLY
2018-02-21,EQ_A,"ma_trend[fast=10,slow=100]",0.0,0.0,0.0,SHADOW_ONLY
2018-02-22,EQ_A,"ma_trend[fast=10,slow=100]",1.0,0.0,-0.0015025115775116461,SHADOW_ONLY
2018-02-23,EQ_A,"ma_trend[fast=10,slow=100]",1.0,1.0,0.019333205628051964,SHADOW_ONLY
2018-02-26,EQ_A,"ma_trend[fast=10,slow=100]",1.0,1.0,-1.9717456832157865e-05,SHADOW_ONLY
2018-02-27,EQ_A,"ma_trend[fast=10,slow=100]",1.0,1.0,-0.0019222603183661757,SHADOW_ONLY
2018-02-28,EQ_A,"ma_trend[fast=10,slow=100]",1.0,1.0,-0.020221376018336734,SHADOW_ONLY
2018-03-01,EQ_A,"ma_trend[fast=10,slow=100]",1.0,1.0,0.02663331022708082,SHADOW_ONLY
2018-03-02,EQ_A,"ma_trend[fast=10,slow=100]",1.0,1.0,0.019205036287080368,SHADOW_ONLY
2018-03-05,EQ_A,"ma_trend[fast=10,slow=100]",1.0,1.0,0.012914879517305078,SHADOW_ONLY
2018-03-06,EQ_A,"ma_trend[fast=10,slow=100]",1.0,1.0,-0.021254530663661786,SHADOW_ONLY
2018-03-07,EQ_A,"ma_trend[fast=10,slow=100]",1.0,1.0,-0.012846579262809299,SHADOW_ONLY
2018-03-08,EQ_A,"ma_trend[fast=10,slow=100]",1.0,1.0,0.017721884730432125,SHADOW_ONLY
2018-03-09,EQ_A,"ma_trend[fast=10,slow=100]",1.0,1.0,-0.0008047069260269657,SHADOW_ONLY
2018-03-12,EQ_A,"ma_trend[fast=10,slow=100]",1.0,1.0,0.003167662949449923,SHADOW_ONLY
2018-03-13,EQ_A,"ma_trend[fast=10,slow=100]",1.0,1.0,0.00503074069845999,SHADOW_ONLY
2018-03-14,EQ_A,"ma_trend[fast=10,slow=100]",1.0,1.0,0.00024639232511880493,SHADOW_ONLY
2018-03-15,EQ_A,"ma_trend[fast=10,slow=100]",1.0,1.0,0.009666088101151438,SHADOW_ONLY
2018-03-16,EQ_A,"ma_trend[fast=10,slow=100]",1.0,1.0,-0.025992243856171826,SHADOW_ONLY
2018-03-19,EQ_A,"ma_trend[fast=10,slow=100]",1.0,1.0,0.02021154756164889,SHADOW_ONLY
2018-03-20,EQ_A,"ma_trend[fast=10,slow=100]",1.0,1.0,0.025639991395428163,SHADOW_ONLY
2018-03-21,EQ_A,"ma_trend[fast=10,slow=100]",1.0,1.0,0.008685142531480228,SHADOW_ONLY
2018-03-22,EQ_A,"ma_trend[fast=10,slow=100]",1.0,1.0,0.01203818818214919,SHADOW_ONLY
2018-03-23,EQ_A,"ma_trend[fast=10,slow=100]",1.0,1.0,-0.0006404487033170314,SHADOW_ONLY
2018-03-26,EQ_A,"ma_trend[fast=10,slow=100]",1.0,1.0,0.024778986518931845,SHADOW_ONLY
2018-03-27,EQ_A,"ma_trend[fast=10,slow=100]",1.0,1.0,-0.006441826206630141,SHADOW_ONLY
2018-03-28,EQ_A,"ma_trend[fast=10,slow=100]",1.0,1.0,-0.013721993639781993,SHADOW_ONLY
2018-03-29,EQ_A,"ma_trend[fast=10,slow=100]",1.0,1.0,0.00546263059003671,SHADOW_ONLY
2018-03-30,EQ_A,"ma_trend[fast=10,slow=100]",1.0,1.0,-0.006864463881019245,SHADOW_ONLY
2018-04-02,EQ_A,"ma_trend[fast=10,slow=100]",1.0,1.0,-0.004066579619314115,SHADOW_ONLY
2018-04-03,EQ_A,"ma_trend[fast=10,slow=100]",1.0,1.0,0.021003150849109975,SHADOW_ONLY
2018-04-04,EQ_A,"ma_trend[fast=10,slow=100]",1.0,1.0,-0.0263455202067836,SHADOW_ONLY
2018-04-05,EQ_A,"ma_trend[fast=10,slow=100]",1.0,1.0,0.00859641302857006,SHADOW_ONLY
2018-04-06,EQ_A,"ma_trend[fast=10,slow=100]",1.0,1.0,-0.015045766500248914,SHADOW_ONLY
2018-04-09,EQ_A,"ma_trend[fast=10,slow=100]",1.0,1.0,0.0021985017858197065,SHADOW_ONLY
2018-04-10,EQ_A,"ma_trend[fast=10,slow=100]",1.0,1.0,-0.0002287167091715725,SHADOW_ONLY
2018-04-11,EQ_A,"ma_trend[fast=10,slow=100]",1.0,1.0,0.011174657503155272,SHADOW_ONLY
2018-04-12,EQ_A,"ma_trend[fast=10,slow=100]",1.0,1.0,-0.022619568361017306,SHADOW_ONLY
2018-04-13,EQ_A,"ma_trend[fast=10,slow=100]",1.0,1.0,-0.000631682003301326,SHADOW_ONLY
2018-04-16,EQ_A,"ma_trend[fast=10,slow=100]",1.0,1.0,0.007817715189831542,SHADOW_ONLY
2018-04-17,EQ_A,"ma_trend[fast=10,slow=100]",1.0,1.0,0.026668610048567576,SHADOW_ONLY
2018-04-18,EQ_A,"ma_trend[fast=10,slow=100]",1.0,1.0,0.005384538634044533,SHADOW_ONLY
2018-04-19,EQ_A,"ma_trend[fast=10,slow=100]",1.0,1.0,-0.015437813010358736,SHADOW_ONLY
2018-04-20,EQ_A,"ma_trend[fast=10,slow=100]",1.0,1.0,-0.010864886836005061,SHADOW_ONLY
2018-04-23,EQ_A,"ma_trend[fast=10,slow=100]",1.0,1.0,-0.01535300420939889,SHADOW_ONLY
2018-04-24,EQ_A,"ma_trend[fast=10,slow=100]",1.0,1.0,0.019819292490770524,SHADOW_ONLY
2018-04-25,EQ_A,"ma_trend[fast=10,slow=100]",1.0,1.0,0.012891919475781055,SHADOW_ONLY
2018-04-26,EQ_A,"ma_trend[fast=10,slow=100]",1.0,1.0,-0.024671470583860988,SHADOW_ONLY
2018-04-27,EQ_A,"ma_trend[fast=10,slow=100]",1.0,1.0,-0.009445622579042023,SHADOW_ONLY
2018-04-30,EQ_A,"ma_trend[fast=10,slow=100]",1.0,1.0,0.021614885646812132,SHADOW_ONLY
2018-05-01,EQ_A,"ma_trend[fast=10,slow=100]",1.0,1.0,-0.014238597637105332,SHADOW_ONLY
2018-05-02,EQ_A,"ma_trend[fast=10,slow=100]",1.0,1.0,0.00999337334529593,SHADOW_ONLY
2018-05-03,EQ_A,"ma_trend[fast=10,slow=100]",1.0,1.0,-0.006430932955838298,SHADOW_ONLY
2018-05-04,EQ_A,"ma_trend[fast=10,slow=100]",1.0,1.0,0.004231634965023323,SHADOW_ONLY
2018-05-07,EQ_A,"ma_trend[fast=10,slow=100]",1.0,1.0,-0.0099594007908822,SHADOW_ONLY
2018-05-08,EQ_A,"ma_trend[fast=10,slow=100]",1.0,1.0,-0.027874595664009738,SHADOW_ONLY
2018-05-09,EQ_A,"ma_trend[fast=10,slow=100]",1.0,1.0,-0.020391302300545644,SHADOW_ONLY
2018-05-10,EQ_A,"ma_trend[fast=10,slow=100]",1.0,1.0,0.00697295573034129,SHADOW_ONLY
2018-05-11,EQ_A,"ma_trend[fast=10,slow=100]",1.0,1.0,0.024888278191068203,SHADOW_ONLY
2018-05-14,EQ_A,"ma_trend[fast=10,slow=100]",1.0,1.0,-0.001959932307047274,SHADOW_ONLY
2018-05-15,EQ_A,"ma_trend[fast=10,slow=100]",1.0,1.0,0.007012403896589525,SHADOW_ONLY
2018-05-16,EQ_A,"ma_trend[fast=10,slow=100]",1.0,1.0,0.00928175939625664,SHADOW_ONLY
2018-05-17,EQ_A,"ma_trend[fast=10,slow=100]",1.0,1.0,-0.01629037813625578,SHADOW_ONLY
2018-05-18,EQ_A,"ma_trend[fast=10,slow=100]",1.0,1.0,-0.015791046188023072,SHADOW_ONLY
2018-05-21,EQ_A,"ma_trend[fast=10,slow=100]",1.0,1.0,0.010326317782317629,SHADOW_ONLY
2018-05-22,EQ_A,"ma_trend[fast=10,slow=100]",1.0,1.0,0.008077006705208722,SHADOW_ONLY
2018-05-23,EQ_A,"ma_trend[fast=10,slow=100]",1.0,1.0,-0.012041415682352175,SHADOW_ONLY
2018-05-24,EQ_A,"ma_trend[fast=10,slow=100]",1.0,1.0,-0.00014132580647463477,SHADOW_ONLY
2018-05-25,EQ_A,"ma_trend[fast=10,slow=100]",1.0,1.0,-0.041338825382222444,SHADOW_ONLY
2018-05-28,EQ_A,"ma_trend[fast=10,slow=100]",1.0,1.0,-0.010080181322886017,SHADOW_ONLY
2018-05-29,EQ_A,"ma_trend[fast=10,slow=100]",1.0,1.0,0.005498608574343367,SHADOW_ONLY
2018-05-30,EQ_A,"ma_trend[fast=10,slow=100]",1.0,1.0,-0.006557350181331634,SHADOW_ONLY
2018-05-31,EQ_A,"ma_trend[fast=10,slow=100]",1.0,1.0,-0.002501678136640817,SHADOW_ONLY
2018-06-01,EQ_A,"ma_trend[fast=10,slow=100]",1.0,1.0,0.013887626319441182,SHADOW_ONLY
2018-06-04,EQ_A,"ma_trend[fast=10,slow=100]",0.0,1.0,0.007021852645453371,SHADOW_ONLY
2018-06-05,EQ_A,"ma_trend[fast=10,slow=100]",0.0,0.0,-0.0,SHADOW_ONLY
2018-06-06,EQ_A,"ma_trend[fast=10,slow=100]",0.0,0.0,0.0,SHADOW_ONLY
2018-06-07,EQ_A,"ma_trend[fast=10,slow=100]",0.0,0.0,0.0,SHADOW_ONLY
2018-06-08,EQ_A,"ma_trend[fast=10,slow=100]",0.0,0.0,0.0,SHADOW_ONLY
2018-06-11,EQ_A,"ma_trend[fast=10,slow=100]",0.0,0.0,-0.0,SHADOW_ONLY
2018-06-12,EQ_A,"ma_trend[fast=10,slow=100]",0.0,0.0,0.0,SHADOW_ONLY
2018-06-13,EQ_A,"ma_trend[fast=10,slow=100]",0.0,0.0,-0.0,SHADOW_ONLY
2018-06-14,EQ_A,"ma_trend[fast=10,slow=100]",0.0,0.0,-0.0,SHADOW_ONLY
2018-06-15,EQ_A,"ma_trend[fast=10,slow=100]",0.0,0.0,-0.0,SHADOW_ONLY
2018-06-18,EQ_A,"ma_trend[fast=10,slow=100]",0.0,0.0,0.0,SHADOW_ONLY
2018-06-19,EQ_A,"ma_trend[fast=10,slow=100]",0.0,0.0,0.0,SHADOW_ONLY
2018-06-20,EQ_A,"ma_trend[fast=10,slow=100]",0.0,0.0,-0.0,SHADOW_ONLY
2018-06-21,EQ_A,"ma_trend[fast=10,slow=100]",0.0,0.0,-0.0,SHADOW_ONLY
2018-06-22,EQ_A,"ma_trend[fast=10,slow=100]",0.0,0.0,0.0,SHADOW_ONLY
2018-06-25,EQ_A,"ma_trend[fast=10,slow=100]",0.0,0.0,-0.0,SHADOW_ONLY
2018-06-26,EQ_A,"ma_trend[fast=10,slow=100]",0.0,0.0,-0.0,SHADOW_ONLY
2018-06-27,EQ_A,"ma_trend[fast=10,slow=100]",0.0,0.0,0.0,SHADOW_ONLY
2018-06-28,EQ_A,"ma_trend[fast=10,slow=100]",0.0,0.0,-0.0,SHADOW_ONLY
2018-06-29,EQ_A,"ma_trend[fast=10,slow=100]",0.0,0.0,0.0,SHADOW_ONLY
2018-07-02,EQ_A,"ma_trend[fast=10,slow=100]",0.0,0.0,-0.0,SHADOW_ONLY
2018-07-03,EQ_A,"ma_trend[fast=10,slow=100]",0.0,0.0,0.0,SHADOW_ONLY
2018-07-04,EQ_A,"ma_trend[fast=10,slow=100]",0.0,0.0,-0.0,SHADOW_ONLY
2018-07-05,EQ_A,"ma_trend[fast=10,slow=100]",0.0,0.0,-0.0,SHADOW_ONLY
2018-07-06,EQ_A,"ma_trend[fast=10,slow=100]",0.0,0.0,0.0,SHADOW_ONLY
2018-07-09,EQ_A,"ma_trend[fast=10,slow=100]",0.0,0.0,0.0,SHADOW_ONLY
2018-07-10,EQ_A,"ma_trend[fast=10,slow=100]",0.0,0.0,0.0,SHADOW_ONLY
2018-07-11,EQ_A,"ma_trend[fast=10,slow=100]",0.0,0.0,0.0,SHADOW_ONLY
2018-07-12,EQ_A,"ma_trend[fast=10,slow=100]",0.0,0.0,0.0,SHADOW_ONLY
2018-07-13,EQ_A,"ma_trend[fast=10,slow=100]",0.0,0.0,-0.0,SHADOW_ONLY
2018-07-16,EQ_A,"ma_trend[fast=10,slow=100]",0.0,0.0,0.0,SHADOW_ONLY
2018-07-17,EQ_A,"ma_trend[fast=10,slow=100]",0.0,0.0,-0.0,SHADOW_ONLY
2018-07-18,EQ_A,"ma_trend[fast=10,slow=100]",0.0,0.0,-0.0,SHADOW_ONLY
2018-07-19,EQ_A,"ma_trend[fast=10,slow=100]",0.0,0.0,-0.0,SHADOW_ONLY
2018-07-20,EQ_A,"ma_trend[fast=10,slow=100]",0.0,0.0,-0.0,SHADOW_ONLY
2018-07-23,EQ_A,"ma_trend[fast=10,slow=100]",0.0,0.0,-0.0,SHADOW_ONLY
2018-07-24,EQ_A,"ma_trend[fast=10,slow=100]",0.0,0.0,0.0,SHADOW_ONLY
2018-07-25,EQ_A,"ma_trend[fast=10,slow=100]",0.0,0.0,-0.0,SHADOW_ONLY
2018-07-26,EQ_A,"ma_trend[fast=10,slow=100]",0.0,0.0,0.0,SHADOW_ONLY
2018-07-27,EQ_A,"ma_trend[fast=10,slow=100]",0.0,0.0,0.0,SHADOW_ONLY
2018-07-30,EQ_A,"ma_trend[fast=10,slow=100]",0.0,0.0,0.0,SHADOW_ONLY
2018-07-31,EQ_A,"ma_trend[fast=10,slow=100]",0.0,0.0,0.0,SHADOW_ONLY
2018-08-01,EQ_A,"ma_trend[fast=10,slow=100]",0.0,0.0,-0.0,SHADOW_ONLY
2018-08-02,EQ_A,"ma_trend[fast=10,slow=100]",0.0,0.0,-0.0,SHADOW_ONLY
2018-08-03,EQ_A,"ma_trend[fast=10,slow=100]",0.0,0.0,0.0,SHADOW_ONLY
2018-08-06,EQ_A,"ma_trend[fast=10,slow=100]",0.0,0.0,0.0,SHADOW_ONLY
2018-08-07,EQ_A,"ma_trend[fast=10,slow=100]",0.0,0.0,-0.0,SHADOW_ONLY
2018-08-08,EQ_A,"ma_trend[fast=10,slow=100]",0.0,0.0,-0.0,SHADOW_ONLY
2018-08-09,EQ_A,"ma_trend[fast=10,slow=100]",0.0,0.0,0.0,SHADOW_ONLY
2018-08-10,EQ_A,"ma_trend[fast=10,slow=100]",0.0,0.0,0.0,SHADOW_ONLY
2018-08-13,EQ_A,"ma_trend[fast=10,slow=100]",0.0,0.0,-0.0,SHADOW_ONLY
2018-08-14,EQ_A,"ma_trend[fast=10,slow=100]",0.0,0.0,0.0,SHADOW_ONLY
2018-08-15,EQ_A,"ma_trend[fast=10,slow=100]",0.0,0.0,0.0,SHADOW_ONLY
2018-08-16,EQ_A,"ma_trend[fast=10,slow=100]",0.0,0.0,-0.0,SHADOW_ONLY
2018-08-17,EQ_A,"ma_trend[fast=10,slow=100]",0.0,0.0,-0.0,SHADOW_ONLY
2018-08-20,EQ_A,"ma_trend[fast=10,slow=100]",0.0,0.0,0.0,SHADOW_ONLY
2018-08-21,EQ_A,"ma_trend[fast=10,slow=100]",0.0,0.0,-0.0,SHADOW_ONLY
2018-08-22,EQ_A,"ma_trend[fast=10,slow=100]",0.0,0.0,-0.0,SHADOW_ONLY
2018-08-23,EQ_A,"ma_trend[fast=10,slow=100]",0.0,0.0,0.0,SHADOW_ONLY
2018-08-24,EQ_A,"ma_trend[fast=10,slow=100]",0.0,0.0,-0.0,SHADOW_ONLY
2018-08-27,EQ_A,"ma_trend[fast=10,slow=100]",0.0,0.0,0.0,SHADOW_ONLY
2018-08-28,EQ_A,"ma_trend[fast=10,slow=100]",0.0,0.0,0.0,SHADOW_ONLY
2018-08-29,EQ_A,"ma_trend[fast=10,slow=100]",0.0,0.0,0.0,SHADOW_ONLY
2018-08-30,EQ_A,"ma_trend[fast=10,slow=100]",0.0,0.0,0.0,SHADOW_ONLY
2018-08-31,EQ_A,"ma_trend[fast=10,slow=100]",0.0,0.0,0.0,SHADOW_ONLY
2018-09-03,EQ_A,"ma_trend[fast=10,slow=100]",0.0,0.0,0.0,SHADOW_ONLY
2018-09-04,EQ_A,"ma_trend[fast=10,slow=100]",0.0,0.0,0.0,SHADOW_ONLY
2018-09-05,EQ_A,"ma_trend[fast=10,slow=100]",0.0,0.0,-0.0,SHADOW_ONLY
2018-09-06,EQ_A,"ma_trend[fast=10,slow=100]",1.0,0.0,-0.0014098177746432155,SHADOW_ONLY
2018-09-07,EQ_A,"ma_trend[fast=10,slow=100]",1.0,1.0,-0.0012606105500887477,SHADOW_ONLY
2018-09-10,EQ_A,"ma_trend[fast=10,slow=100]",1.0,1.0,0.02941826964503913,SHADOW_ONLY
2018-09-11,EQ_A,"ma_trend[fast=10,slow=100]",1.0,1.0,0.01868228414565265,SHADOW_ONLY
2018-09-12,EQ_A,"ma_trend[fast=10,slow=100]",1.0,1.0,0.009413026133562097,SHADOW_ONLY
2018-09-13,EQ_A,"ma_trend[fast=10,slow=100]",1.0,1.0,0.010151149916698632,SHADOW_ONLY
2018-09-14,EQ_A,"ma_trend[fast=10,slow=100]",1.0,1.0,0.0027568689026700177,SHADOW_ONLY
2018-09-17,EQ_A,"ma_trend[fast=10,slow=100]",1.0,1.0,0.01923671927820636,SHADOW_ONLY
2018-09-18,EQ_A,"ma_trend[fast=10,slow=100]",1.0,1.0,0.0006031472870278165,SHADOW_ONLY
2018-09-19,EQ_A,"ma_trend[fast=10,slow=100]",1.0,1.0,0.011857589277961988,SHADOW_ONLY
2018-09-20,EQ_A,"ma_trend[fast=10,slow=100]",1.0,1.0,0.0074241125548275555,SHADOW_ONLY
2018-09-21,EQ_A,"ma_trend[fast=10,slow=100]",1.0,1.0,-0.010784632434845398,SHADOW_ONLY
2018-09-24,EQ_A,"ma_trend[fast=10,slow=100]",1.0,1.0,0.019935524137277616,SHADOW_ONLY
2018-09-25,EQ_A,"ma_trend[fast=10,slow=100]",1.0,1.0,0.012629750904522785,SHADOW_ONLY
2018-09-26,EQ_A,"ma_trend[fast=10,slow=100]",1.0,1.0,0.0029106220808843286,SHADOW_ONLY
2018-09-27,EQ_A,"ma_trend[fast=10,slow=100]",1.0,1.0,-0.01204341226649408,SHADOW_ONLY
2018-09-28,EQ_A,"ma_trend[fast=10,slow=100]",1.0,1.0,0.012179653755607589,SHADOW_ONLY
2018-10-01,EQ_A,"ma_trend[fast=10,slow=100]",1.0,1.0,-0.007499880846954077,SHADOW_ONLY
2018-10-02,EQ_A,"ma_trend[fast=10,slow=100]",1.0,1.0,-0.016657919144348,SHADOW_ONLY
2018-10-03,EQ_A,"ma_trend[fast=10,slow=100]",1.0,1.0,0.018392176358647427,SHADOW_ONLY
2018-10-04,EQ_A,"ma_trend[fast=10,slow=100]",1.0,1.0,0.0013045152430823936,SHADOW_ONLY
2018-10-05,EQ_A,"ma_trend[fast=10,slow=100]",1.0,1.0,0.007131011242402119,SHADOW_ONLY
2018-10-08,EQ_A,"ma_trend[fast=10,slow=100]",1.0,1.0,0.0147006025235481,SHADOW_ONLY
2018-10-09,EQ_A,"ma_trend[fast=10,slow=100]",1.0,1.0,0.02567298788838923,SHADOW_ONLY
2018-10-10,EQ_A,"ma_trend[fast=10,slow=100]",1.0,1.0,-0.01749586244162027,SHADOW_ONLY
2018-10-11,EQ_A,"ma_trend[fast=10,slow=100]",1.0,1.0,-0.03462163690690945,SHADOW_ONLY
2018-10-12,EQ_A,"ma_trend[fast=10,slow=100]",1.0,1.0,0.023365873085609,SHADOW_ONLY
2018-10-15,EQ_A,"ma_trend[fast=10,slow=100]",1.0,1.0,-0.005121381683077186,SHADOW_ONLY
2018-10-16,EQ_A,"ma_trend[fast=10,slow=100]",1.0,1.0,0.0058499239226099675,SHADOW_ONLY
2018-10-17,EQ_A,"ma_trend[fast=10,slow=100]",1.0,1.0,0.017486409818811444,SHADOW_ONLY
2018-10-18,EQ_A,"ma_trend[fast=10,slow=100]",1.0,1.0,0.03862346736208777,SHADOW_ONLY
2018-10-19,EQ_A,"ma_trend[fast=10,slow=100]",1.0,1.0,-0.013215178681635353,SHADOW_ONLY
2018-10-22,EQ_A,"ma_trend[fast=10,slow=100]",1.0,1.0,-0.01007165281968636,SHADOW_ONLY
2018-10-23,EQ_A,"ma_trend[fast=10,slow=100]",1.0,1.0,-0.04171898125738027,SHADOW_ONLY
2018-10-24,EQ_A,"ma_trend[fast=10,slow=100]",1.0,1.0,0.004869394230452517,SHADOW_ONLY
2018-10-25,EQ_A,"ma_trend[fast=10,slow=100]",1.0,1.0,0.0011455799832009728,SHADOW_ONLY
2018-10-26,EQ_A,"ma_trend[fast=10,slow=100]",1.0,1.0,0.002153173632484684,SHADOW_ONLY
2018-10-29,EQ_A,"ma_trend[fast=10,slow=100]",1.0,1.0,0.035037187815829984,SHADOW_ONLY
2018-10-30,EQ_A,"ma_trend[fast=10,slow=100]",1.0,1.0,-0.01930472927806348,SHADOW_ONLY
2018-10-31,EQ_A,"ma_trend[fast=10,slow=100]",1.0,1.0,-0.029534557444906517,SHADOW_ONLY
2018-11-01,EQ_A,"ma_trend[fast=10,slow=100]",1.0,1.0,-0.03843374612869954,SHADOW_ONLY
2017-11-17,EQ_B,breakout[lookback=20],1.0,1.0,-0.0021264598306791616,SHADOW_ONLY
2017-11-20,EQ_B,breakout[lookback=20],1.0,1.0,0.042536023414174284,SHADOW_ONLY
2017-11-21,EQ_B,breakout[lookback=20],1.0,1.0,-0.007427827731306347,SHADOW_ONLY
2017-11-22,EQ_B,breakout[lookback=20],1.0,1.0,0.0013566668028510698,SHADOW_ONLY
2017-11-23,EQ_B,breakout[lookback=20],1.0,1.0,0.018793179153361317,SHADOW_ONLY
2017-11-24,EQ_B,breakout[lookback=20],1.0,1.0,-0.009193365887887328,SHADOW_ONLY
2017-11-27,EQ_B,breakout[lookback=20],1.0,1.0,-0.0016187750896372588,SHADOW_ONLY
2017-11-28,EQ_B,breakout[lookback=20],1.0,1.0,0.011855979250175341,SHADOW_ONLY
2017-11-29,EQ_B,breakout[lookback=20],1.0,1.0,-0.006666012979557934,SHADOW_ONLY
2017-11-30,EQ_B,breakout[lookback=20],1.0,1.0,-0.00015196083748914013,SHADOW_ONLY
2017-12-01,EQ_B,breakout[lookback=20],1.0,1.0,-0.009449679144556189,SHADOW_ONLY
2017-12-04,EQ_B,breakout[lookback=20],1.0,1.0,-0.007125589670219701,SHADOW_ONLY
2017-12-05,EQ_B,breakout[lookback=20],1.0,1.0,-0.011782615948852104,SHADOW_ONLY
2017-12-06,EQ_B,breakout[lookback=20],1.0,1.0,-0.027505040917591095,SHADOW_ONLY
2017-12-07,EQ_B,breakout[lookback=20],1.0,1.0,0.017408522923330505,SHADOW_ONLY
2017-12-08,EQ_B,breakout[lookback=20],1.0,1.0,0.0012620527004842952,SHADOW_ONLY
2017-12-11,EQ_B,breakout[lookback=20],1.0,1.0,-0.004181508401200129,SHADOW_ONLY
2017-12-12,EQ_B,breakout[lookback=20],1.0,1.0,-0.014026426876685871,SHADOW_ONLY
2017-12-13,EQ_B,breakout[lookback=20],1.0,1.0,-0.003415795492704654,SHADOW_ONLY
2017-12-14,EQ_B,breakout[lookback=20],0.0,1.0,-0.002769187593342227,SHADOW_ONLY
2017-12-15,EQ_B,breakout[lookback=20],0.0,0.0,-0.0,SHADOW_ONLY
2017-12-18,EQ_B,breakout[lookback=20],0.0,0.0,0.0,SHADOW_ONLY
2017-12-19,EQ_B,breakout[lookback=20],0.0,0.0,0.0,SHADOW_ONLY
2017-12-20,EQ_B,breakout[lookback=20],0.0,0.0,-0.0,SHADOW_ONLY
2017-12-21,EQ_B,breakout[lookback=20],0.0,0.0,0.0,SHADOW_ONLY
2017-12-22,EQ_B,breakout[lookback=20],0.0,0.0,0.0,SHADOW_ONLY
2017-12-25,EQ_B,breakout[lookback=20],0.0,0.0,0.0,SHADOW_ONLY
2017-12-26,EQ_B,breakout[lookback=20],0.0,0.0,0.0,SHADOW_ONLY
2017-12-27,EQ_B,breakout[lookback=20],0.0,0.0,0.0,SHADOW_ONLY
2017-12-28,EQ_B,breakout[lookback=20],1.0,0.0,-0.002005406502974118,SHADOW_ONLY
2017-12-29,EQ_B,breakout[lookback=20],1.0,1.0,-0.12587786891102837,SHADOW_ONLY
2018-01-01,EQ_B,breakout[lookback=20],1.0,1.0,0.006568559296495247,SHADOW_ONLY
2018-01-02,EQ_B,breakout[lookback=20],1.0,1.0,0.010000609404033911,SHADOW_ONLY
2018-01-03,EQ_B,breakout[lookback=20],1.0,1.0,0.0253035210122754,SHADOW_ONLY
2018-01-04,EQ_B,breakout[lookback=20],1.0,1.0,0.020142665749902422,SHADOW_ONLY
2018-01-05,EQ_B,breakout[lookback=20],1.0,1.0,0.011139936439053422,SHADOW_ONLY
2018-01-08,EQ_B,breakout[lookback=20],1.0,1.0,0.02178592710833338,SHADOW_ONLY
2018-01-09,EQ_B,breakout[lookback=20],1.0,1.0,0.007894964827297013,SHADOW_ONLY
2018-01-10,EQ_B,breakout[lookback=20],1.0,1.0,0.0006767676738630435,SHADOW_ONLY
2018-01-11,EQ_B,breakout[lookback=20],1.0,1.0,0.030208874917876605,SHADOW_ONLY
2018-01-12,EQ_B,breakout[lookback=20],1.0,1.0,0.014525759239255143,SHADOW_ONLY
2018-01-15,EQ_B,breakout[lookback=20],1.0,1.0,-0.013253973283108955,SHADOW_ONLY
2018-01-16,EQ_B,breakout[lookback=20],1.0,1.0,0.018818838254443637,SHADOW_ONLY
2018-01-17,EQ_B,breakout[lookback=20],1.0,1.0,0.013339265967132974,SHADOW_ONLY
2018-01-18,EQ_B,breakout[lookback=20],1.0,1.0,0.0313170721100231,SHADOW_ONLY
2018-01-19,EQ_B,breakout[lookback=20],1.0,1.0,0.0170535673614971,SHADOW_ONLY
2018-01-22,EQ_B,breakout[lookback=20],1.0,1.0,0.03695191264886688,SHADOW_ONLY
2018-01-23,EQ_B,breakout[lookback=20],1.0,1.0,0.027054228586936846,SHADOW_ONLY
2018-01-24,EQ_B,breakout[lookback=20],1.0,1.0,-0.016252460166908067,SHADOW_ONLY
2018-01-25,EQ_B,breakout[lookback=20],1.0,1.0,0.0452648109045235,SHADOW_ONLY
2018-01-26,EQ_B,breakout[lookback=20],1.0,1.0,0.02157784336016011,SHADOW_ONLY
2018-01-29,EQ_B,breakout[lookback=20],1.0,1.0,0.020025446628738175,SHADOW_ONLY
2018-01-30,EQ_B,breakout[lookback=20],1.0,1.0,0.0355708589659407,SHADOW_ONLY
2018-01-31,EQ_B,breakout[lookback=20],1.0,1.0,0.0023177561156695337,SHADOW_ONLY
2018-02-01,EQ_B,breakout[lookback=20],1.0,1.0,0.010328600321942272,SHADOW_ONLY
2018-02-02,EQ_B,breakout[lookback=20],1.0,1.0,-0.002782524820963861,SHADOW_ONLY
2018-02-05,EQ_B,breakout[lookback=20],1.0,1.0,0.029710427138482043,SHADOW_ONLY
2018-02-06,EQ_B,breakout[lookback=20],1.0,1.0,0.02513251071710565,SHADOW_ONLY
2018-02-07,EQ_B,breakout[lookback=20],1.0,1.0,0.027165481469316077,SHADOW_ONLY
2018-02-08,EQ_B,breakout[lookback=20],1.0,1.0,-0.01947306217350042,SHADOW_ONLY
2018-02-09,EQ_B,breakout[lookback=20],1.0,1.0,-0.02063398787806625,SHADOW_ONLY
2018-02-12,EQ_B,breakout[lookback=20],1.0,1.0,0.01982687790246085,SHADOW_ONLY
2018-02-13,EQ_B,breakout[lookback=20],1.0,1.0,0.042387220107589885,SHADOW_ONLY
2018-02-14,EQ_B,breakout[lookback=20],1.0,1.0,0.01999806506757129,SHADOW_ONLY
2018-02-15,EQ_B,breakout[lookback=20],1.0,1.0,0.008589767642783075,SHADOW_ONLY
2018-02-16,EQ_B,breakout[lookback=20],1.0,1.0,0.010559828275863437,SHADOW_ONLY
2018-02-19,EQ_B,breakout[lookback=20],1.0,1.0,-0.014776875967584702,SHADOW_ONLY
2018-02-20,EQ_B,breakout[lookback=20],1.0,1.0,0.03382520374806508,SHADOW_ONLY
2018-02-21,EQ_B,breakout[lookback=20],1.0,1.0,0.004140877061299841,SHADOW_ONLY
2018-02-22,EQ_B,breakout[lookback=20],1.0,1.0,-0.008189091570786844,SHADOW_ONLY
2018-02-23,EQ_B,breakout[lookback=20],1.0,1.0,-0.0016947242903344595,SHADOW_ONLY
2018-02-26,EQ_B,breakout[lookback=20],1.0,1.0,-0.013035328800303336,SHADOW_ONLY
2018-02-27,EQ_B,breakout[lookback=20],1.0,1.0,-0.026055997094728278,SHADOW_ONLY
2018-02-28,EQ_B,breakout[lookback=20],1.0,1.0,-0.009798390762652542,SHADOW_ONLY
2018-03-01,EQ_B,breakout[lookback=20],1.0,1.0,0.0038038901484536147,SHADOW_ONLY
2018-03-02,EQ_B,breakout[lookback=20],1.0,1.0,-0.010450422148552074,SHADOW_ONLY
2018-03-05,EQ_B,breakout[lookback=20],1.0,1.0,-0.009133761188802603,SHADOW_ONLY
2018-03-06,EQ_B,breakout[lookback=20],1.0,1.0,0.020738491817753113,SHADOW_ONLY
2018-03-07,EQ_B,breakout[lookback=20],1.0,1.0,0.01675637882010861,SHADOW_ONLY
2018-03-08,EQ_B,breakout[lookback=20],1.0,1.0,0.00011565346071673588,SHADOW_ONLY
2018-03-09,EQ_B,breakout[lookback=20],1.0,1.0,0.0031197823890449783,SHADOW_ONLY
2018-03-12,EQ_B,breakout[lookback=20],1.0,1.0,0.04363476884846951,SHADOW_ONLY
2018-03-13,EQ_B,breakout[lookback=20],1.0,1.0,-0.039389651082462396,SHADOW_ONLY
2018-03-14,EQ_B,breakout[lookback=20],1.0,1.0,0.050726564881540925,SHADOW_ONLY
2018-03-15,EQ_B,breakout[lookback=20],1.0,1.0,-0.0002846759195580528,SHADOW_ONLY
2018-03-16,EQ_B,breakout[lookback=20],1.0,1.0,0.005820770414366239,SHADOW_ONLY
2018-03-19,EQ_B,breakout[lookback=20],1.0,1.0,-0.008937050027643556,SHADOW_ONLY
2018-03-20,EQ_B,breakout[lookback=20],1.0,1.0,-0.016957023727610987,SHADOW_ONLY
2018-03-21,EQ_B,breakout[lookback=20],1.0,1.0,-0.013548443671627108,SHADOW_ONLY
2018-03-22,EQ_B,breakout[lookback=20],1.0,1.0,-0.004131433257022921,SHADOW_ONLY
2018-03-23,EQ_B,breakout[lookback=20],1.0,1.0,0.02363376914506299,SHADOW_ONLY
2018-03-26,EQ_B,breakout[lookback=20],1.0,1.0,0.013832838726809182,SHADOW_ONLY
2018-03-27,EQ_B,breakout[lookback=20],1.0,1.0,0.00021826589361895188,SHADOW_ONLY
2018-03-28,EQ_B,breakout[lookback=20],1.0,1.0,0.02564414276772986,SHADOW_ONLY
2018-03-29,EQ_B,breakout[lookback=20],1.0,1.0,-0.011065384118806088,SHADOW_ONLY
2018-03-30,EQ_B,breakout[lookback=20],1.0,1.0,0.016000327728440622,SHADOW_ONLY
2018-04-02,EQ_B,breakout[lookback=20],1.0,1.0,-0.002384442183123281,SHADOW_ONLY
2018-04-03,EQ_B,breakout[lookback=20],1.0,1.0,0.02565752006439359,SHADOW_ONLY
2018-04-04,EQ_B,breakout[lookback=20],1.0,1.0,-0.024709821473912985,SHADOW_ONLY
2018-04-05,EQ_B,breakout[lookback=20],1.0,1.0,-0.015800798375332437,SHADOW_ONLY
2018-04-06,EQ_B,breakout[lookback=20],1.0,1.0,0.03217097969804561,SHADOW_ONLY
2018-04-09,EQ_B,breakout[lookback=20],1.0,1.0,-0.004240995919860824,SHADOW_ONLY
2018-04-10,EQ_B,breakout[lookback=20],1.0,1.0,0.013098372801607638,SHADOW_ONLY
2018-04-11,EQ_B,breakout[lookback=20],1.0,1.0,0.007052969494655503,SHADOW_ONLY
2018-04-12,EQ_B,breakout[lookback=20],1.0,1.0,0.0126528831685071,SHADOW_ONLY
2018-04-13,EQ_B,breakout[lookback=20],1.0,1.0,-0.03319219347752933,SHADOW_ONLY
2018-04-16,EQ_B,breakout[lookback=20],1.0,1.0,-0.0262169697735245,SHADOW_ONLY
2018-04-17,EQ_B,breakout[lookback=20],1.0,1.0,-0.03948102464885361,SHADOW_ONLY
2018-04-18,EQ_B,breakout[lookback=20],1.0,1.0,-0.0017182206852457416,SHADOW_ONLY
2018-04-19,EQ_B,breakout[lookback=20],1.0,1.0,-0.03756969960882062,SHADOW_ONLY
2018-04-20,EQ_B,breakout[lookback=20],0.0,1.0,0.007659096027988916,SHADOW_ONLY
2018-04-23,EQ_B,breakout[lookback=20],0.0,0.0,-0.0,SHADOW_ONLY
2018-04-24,EQ_B,breakout[lookback=20],0.0,0.0,-0.0,SHADOW_ONLY
2018-04-25,EQ_B,breakout[lookback=20],0.0,0.0,0.0,SHADOW_ONLY
2018-04-26,EQ_B,breakout[lookback=20],0.0,0.0,0.0,SHADOW_ONLY
2018-04-27,EQ_B,breakout[lookback=20],0.0,0.0,0.0,SHADOW_ONLY
2018-04-30,EQ_B,breakout[lookback=20],0.0,0.0,-0.0,SHADOW_ONLY
2018-05-01,EQ_B,breakout[lookback=20],0.0,0.0,0.0,SHADOW_ONLY
2018-05-02,EQ_B,breakout[lookback=20],0.0,0.0,-0.0,SHADOW_ONLY
2018-05-03,EQ_B,breakout[lookback=20],0.0,0.0,-0.0,SHADOW_ONLY
2018-05-04,EQ_B,breakout[lookback=20],0.0,0.0,-0.0,SHADOW_ONLY
2018-05-07,EQ_B,breakout[lookback=20],0.0,0.0,-0.0,SHADOW_ONLY
2018-05-08,EQ_B,breakout[lookback=20],0.0,0.0,0.0,SHADOW_ONLY
2018-05-09,EQ_B,breakout[lookback=20],0.0,0.0,-0.0,SHADOW_ONLY
2018-05-10,EQ_B,breakout[lookback=20],0.0,0.0,0.0,SHADOW_ONLY
2018-05-11,EQ_B,breakout[lookback=20],0.0,0.0,-0.0,SHADOW_ONLY
2018-05-14,EQ_B,breakout[lookback=20],0.0,0.0,0.0,SHADOW_ONLY
2018-05-15,EQ_B,breakout[lookback=20],0.0,0.0,-0.0,SHADOW_ONLY
2018-05-16,EQ_B,breakout[lookback=20],0.0,0.0,0.0,SHADOW_ONLY
2018-05-17,EQ_B,breakout[lookback=20],0.0,0.0,0.0,SHADOW_ONLY
2018-05-18,EQ_B,breakout[lookback=20],0.0,0.0,-0.0,SHADOW_ONLY
2018-05-21,EQ_B,breakout[lookback=20],0.0,0.0,-0.0,SHADOW_ONLY
2018-05-22,EQ_B,breakout[lookback=20],0.0,0.0,-0.0,SHADOW_ONLY
2018-05-23,EQ_B,breakout[lookback=20],0.0,0.0,-0.0,SHADOW_ONLY
2018-05-24,EQ_B,breakout[lookback=20],0.0,0.0,0.0,SHADOW_ONLY
2018-05-25,EQ_B,breakout[lookback=20],0.0,0.0,-0.0,SHADOW_ONLY
2018-05-28,EQ_B,breakout[lookback=20],0.0,0.0,-0.0,SHADOW_ONLY
2018-05-29,EQ_B,breakout[lookback=20],0.0,0.0,0.0,SHADOW_ONLY
2018-05-30,EQ_B,breakout[lookback=20],0.0,0.0,-0.0,SHADOW_ONLY
2018-05-31,EQ_B,breakout[lookback=20],0.0,0.0,-0.0,SHADOW_ONLY
2018-06-01,EQ_B,breakout[lookback=20],0.0,0.0,0.0,SHADOW_ONLY
2018-06-04,EQ_B,breakout[lookback=20],0.0,0.0,0.0,SHADOW_ONLY
2018-06-05,EQ_B,breakout[lookback=20],0.0,0.0,-0.0,SHADOW_ONLY
2018-06-06,EQ_B,breakout[lookback=20],0.0,0.0,0.0,SHADOW_ONLY
2018-06-07,EQ_B,breakout[lookback=20],0.0,0.0,-0.0,SHADOW_ONLY
2018-06-08,EQ_B,breakout[lookback=20],0.0,0.0,0.0,SHADOW_ONLY
2018-06-11,EQ_B,breakout[lookback=20],0.0,0.0,-0.0,SHADOW_ONLY
2018-06-12,EQ_B,breakout[lookback=20],0.0,0.0,-0.0,SHADOW_ONLY
2018-06-13,EQ_B,breakout[lookback=20],0.0,0.0,-0.0,SHADOW_ONLY
2018-06-14,EQ_B,breakout[lookback=20],0.0,0.0,0.0,SHADOW_ONLY
2018-06-15,EQ_B,breakout[lookback=20],0.0,0.0,-0.0,SHADOW_ONLY
2018-06-18,EQ_B,breakout[lookback=20],0.0,0.0,0.0,SHADOW_ONLY
2018-06-19,EQ_B,breakout[lookback=20],0.0,0.0,-0.0,SHADOW_ONLY
2018-06-20,EQ_B,breakout[lookback=20],0.0,0.0,0.0,SHADOW_ONLY
2018-06-21,EQ_B,breakout[lookback=20],1.0,0.0,-0.0032933293931438476,SHADOW_ONLY
2018-06-22,EQ_B,breakout[lookback=20],1.0,1.0,-0.0009081313817297376,SHADOW_ONLY
2018-06-25,EQ_B,breakout[lookback=20],1.0,1.0,0.0233619860656622,SHADOW_ONLY
2018-06-26,EQ_B,breakout[lookback=20],1.0,1.0,-0.01965642126003908,SHADOW_ONLY
2018-06-27,EQ_B,breakout[lookback=20],1.0,1.0,0.010843551292982756,SHADOW_ONLY
2018-06-28,EQ_B,breakout[lookback=20],1.0,1.0,0.024624802985252492,SHADOW_ONLY
2018-06-29,EQ_B,breakout[lookback=20],1.0,1.0,-0.056169402868763596,SHADOW_ONLY
2018-07-02,EQ_B,breakout[lookback=20],1.0,1.0,-0.03496255196476428,SHADOW_ONLY
2018-07-03,EQ_B,breakout[lookback=20],0.0,1.0,-0.004625416382443566,SHADOW_ONLY
2018-07-04,EQ_B,breakout[lookback=20],0.0,0.0,-0.0,SHADOW_ONLY
2018-07-05,EQ_B,breakout[lookback=20],0.0,0.0,0.0,SHADOW_ONLY
2018-07-06,EQ_B,breakout[lookback=20],0.0,0.0,0.0,SHADOW_ONLY
2018-07-09,EQ_B,breakout[lookback=20],0.0,0.0,-0.0,SHADOW_ONLY
2018-07-10,EQ_B,breakout[lookback=20],0.0,0.0,0.0,SHADOW_ONLY
2018-07-11,EQ_B,breakout[lookback=20],0.0,0.0,0.0,SHADOW_ONLY
2018-07-12,EQ_B,breakout[lookback=20],0.0,0.0,-0.0,SHADOW_ONLY
2018-07-13,EQ_B,breakout[lookback=20],0.0,0.0,0.0,SHADOW_ONLY
2018-07-16,EQ_B,breakout[lookback=20],0.0,0.0,0.0,SHADOW_ONLY
2018-07-17,EQ_B,breakout[lookback=20],0.0,0.0,-0.0,SHADOW_ONLY
2018-07-18,EQ_B,breakout[lookback=20],0.0,0.0,-0.0,SHADOW_ONLY
2018-07-19,EQ_B,breakout[lookback=20],0.0,0.0,0.0,SHADOW_ONLY
2018-07-20,EQ_B,breakout[lookback=20],0.0,0.0,0.0,SHADOW_ONLY
2018-07-23,EQ_B,breakout[lookback=20],0.0,0.0,0.0,SHADOW_ONLY
2018-07-24,EQ_B,breakout[lookback=20],0.0,0.0,-0.0,SHADOW_ONLY
2018-07-25,EQ_B,breakout[lookback=20],0.0,0.0,-0.0,SHADOW_ONLY
2018-07-26,EQ_B,breakout[lookback=20],0.0,0.0,-0.0,SHADOW_ONLY
2018-07-27,EQ_B,breakout[lookback=20],0.0,0.0,0.0,SHADOW_ONLY
2018-07-30,EQ_B,breakout[lookback=20],0.0,0.0,0.0,SHADOW_ONLY
2018-07-31,EQ_B,breakout[lookback=20],0.0,0.0,0.0,SHADOW_ONLY
2018-08-01,EQ_B,breakout[lookback=20],1.0,0.0,-0.0022324592678321328,SHADOW_ONLY
2018-08-02,EQ_B,breakout[lookback=20],1.0,1.0,-0.011794169521640585,SHADOW_ONLY
2018-08-03,EQ_B,breakout[lookback=20],1.0,1.0,-0.0015631588389135587,SHADOW_ONLY
2018-08-06,EQ_B,breakout[lookback=20],1.0,1.0,0.01587138343531258,SHADOW_ONLY
2018-08-07,EQ_B,breakout[lookback=20],1.0,1.0,-0.015978680452993665,SHADOW_ONLY
2018-08-08,EQ_B,breakout[lookback=20],1.0,1.0,0.0020206442589454365,SHADOW_ONLY
2018-08-09,EQ_B,breakout[lookback=20],1.0,1.0,8.734281367783758e-05,SHADOW_ONLY
2018-08-10,EQ_B,breakout[lookback=20],1.0,1.0,-0.0019364371481366272,SHADOW_ONLY
2018-08-13,EQ_B,breakout[lookback=20],1.0,1.0,-0.0016414493943263109,SHADOW_ONLY
2018-08-14,EQ_B,breakout[lookback=20],1.0,1.0,0.008610605316720532,SHADOW_ONLY
2018-08-15,EQ_B,breakout[lookback=20],1.0,1.0,0.012675829181719278,SHADOW_ONLY
2018-08-16,EQ_B,breakout[lookback=20],1.0,1.0,-0.01009070821268332,SHADOW_ONLY
2018-08-17,EQ_B,breakout[lookback=20],1.0,1.0,0.013147947878795474,SHADOW_ONLY
2018-08-20,EQ_B,breakout[lookback=20],1.0,1.0,0.010962459191470098,SHADOW_ONLY
2018-08-21,EQ_B,breakout[lookback=20],1.0,1.0,0.004777570036740508,SHADOW_ONLY
2018-08-22,EQ_B,breakout[lookback=20],1.0,1.0,-0.012174861856449781,SHADOW_ONLY
2018-08-23,EQ_B,breakout[lookback=20],1.0,1.0,0.010268365397112511,SHADOW_ONLY
2018-08-24,EQ_B,breakout[lookback=20],1.0,1.0,-0.01017708343302437,SHADOW_ONLY
2018-08-27,EQ_B,breakout[lookback=20],1.0,1.0,-0.00568612216734643,SHADOW_ONLY
2018-08-28,EQ_B,breakout[lookback=20],1.0,1.0,0.016802934810195236,SHADOW_ONLY
2018-08-29,EQ_B,breakout[lookback=20],1.0,1.0,0.01406298480106738,SHADOW_ONLY
2018-08-30,EQ_B,breakout[lookback=20],1.0,1.0,0.009139417028548369,SHADOW_ONLY
2018-08-31,EQ_B,breakout[lookback=20],1.0,1.0,0.005276070199379701,SHADOW_ONLY
2018-09-03,EQ_B,breakout[lookback=20],1.0,1.0,0.016040729632399442,SHADOW_ONLY
2018-09-04,EQ_B,breakout[lookback=20],1.0,1.0,0.004471130107174259,SHADOW_ONLY
2018-09-05,EQ_B,breakout[lookback=20],1.0,1.0,0.01103189895551715,SHADOW_ONLY
2018-09-06,EQ_B,breakout[lookback=20],1.0,1.0,-0.015419437654533796,SHADOW_ONLY
2018-09-07,EQ_B,breakout[lookback=20],1.0,1.0,-0.026063485686554477,SHADOW_ONLY
2018-09-10,EQ_B,breakout[lookback=20],1.0,1.0,-0.0012326630804826433,SHADOW_ONLY
2018-09-11,EQ_B,breakout[lookback=20],1.0,1.0,-0.0033089380659198087,SHADOW_ONLY
2018-09-12,EQ_B,breakout[lookback=20],1.0,1.0,-0.016231503131882596,SHADOW_ONLY
2018-09-13,EQ_B,breakout[lookback=20],1.0,1.0,0.01284463500622035,SHADOW_ONLY
2018-09-14,EQ_B,breakout[lookback=20],1.0,1.0,-0.012126273149338673,SHADOW_ONLY
2018-09-17,EQ_B,breakout[lookback=20],1.0,1.0,0.013281943459516388,SHADOW_ONLY
2018-09-18,EQ_B,breakout[lookback=20],1.0,1.0,0.028262950874496706,SHADOW_ONLY
2018-09-19,EQ_B,breakout[lookback=20],1.0,1.0,-0.007390203862883138,SHADOW_ONLY
2018-09-20,EQ_B,breakout[lookback=20],1.0,1.0,-0.0021567022104500566,SHADOW_ONLY
2018-09-21,EQ_B,breakout[lookback=20],1.0,1.0,-0.007453672452367277,SHADOW_ONLY
2018-09-24,EQ_B,breakout[lookback=20],1.0,1.0,-0.03339781389240726,SHADOW_ONLY
2018-09-25,EQ_B,breakout[lookback=20],1.0,1.0,-0.006960131408352277,SHADOW_ONLY
2018-09-26,EQ_B,breakout[lookback=20],0.0,1.0,-0.01375378149999135,SHADOW_ONLY
2018-09-27,EQ_B,breakout[lookback=20],0.0,0.0,-0.0,SHADOW_ONLY
2018-09-28,EQ_B,breakout[lookback=20],0.0,0.0,-0.0,SHADOW_ONLY
2018-10-01,EQ_B,breakout[lookback=20],0.0,0.0,-0.0,SHADOW_ONLY
2018-10-02,EQ_B,breakout[lookback=20],0.0,0.0,0.0,SHADOW_ONLY
2018-10-03,EQ_B,breakout[lookback=20],0.0,0.0,-0.0,SHADOW_ONLY
2018-10-04,EQ_B,breakout[lookback=20],0.0,0.0,-0.0,SHADOW_ONLY
2018-10-05,EQ_B,breakout[lookback=20],0.0,0.0,0.0,SHADOW_ONLY
2018-10-08,EQ_B,breakout[lookback=20],0.0,0.0,0.0,SHADOW_ONLY
2018-10-09,EQ_B,breakout[lookback=20],0.0,0.0,0.0,SHADOW_ONLY
2018-10-10,EQ_B,breakout[lookback=20],0.0,0.0,0.0,SHADOW_ONLY
2018-10-11,EQ_B,breakout[lookback=20],0.0,0.0,-0.0,SHADOW_ONLY
2018-10-12,EQ_B,breakout[lookback=20],0.0,0.0,0.0,SHADOW_ONLY
2018-10-15,EQ_B,breakout[lookback=20],0.0,0.0,0.0,SHADOW_ONLY
2018-10-16,EQ_B,breakout[lookback=20],0.0,0.0,-0.0,SHADOW_ONLY
2018-10-17,EQ_B,breakout[lookback=20],0.0,0.0,0.0,SHADOW_ONLY
2018-10-18,EQ_B,breakout[lookback=20],0.0,0.0,0.0,SHADOW_ONLY
2018-10-19,EQ_B,breakout[lookback=20],0.0,0.0,0.0,SHADOW_ONLY
2018-10-22,EQ_B,breakout[lookback=20],1.0,0.0,-0.0026489100160908313,SHADOW_ONLY
2018-10-23,EQ_B,breakout[lookback=20],1.0,1.0,0.012137149518811619,SHADOW_ONLY
2018-10-24,EQ_B,breakout[lookback=20],1.0,1.0,-0.027342000330922378,SHADOW_ONLY
2018-10-25,EQ_B,breakout[lookback=20],1.0,1.0,-0.007597824910125395,SHADOW_ONLY
2018-10-26,EQ_B,breakout[lookback=20],1.0,1.0,-0.01330425466342855,SHADOW_ONLY
2018-10-29,EQ_B,breakout[lookback=20],1.0,1.0,-0.018583978916322463,SHADOW_ONLY
2018-10-30,EQ_B,breakout[lookback=20],1.0,1.0,-0.03200674065112874,SHADOW_ONLY
2018-10-31,EQ_B,breakout[lookback=20],1.0,1.0,0.021630012102323404,SHADOW_ONLY
2018-11-01,EQ_B,breakout[lookback=20],1.0,1.0,-0.0403812709104544,SHADOW_ONLY
2017-11-17,ETF_W,breakout[lookback=55],0.0,0.0,0.0,SHADOW_ONLY
2017-11-20,ETF_W,breakout[lookback=55],0.0,0.0,-0.0,SHADOW_ONLY
2017-11-21,ETF_W,breakout[lookback=55],0.0,0.0,-0.0,SHADOW_ONLY
2017-11-22,ETF_W,breakout[lookback=55],0.0,0.0,-0.0,SHADOW_ONLY
2017-11-23,ETF_W,breakout[lookback=55],0.0,0.0,0.0,SHADOW_ONLY
2017-11-24,ETF_W,breakout[lookback=55],0.0,0.0,-0.0,SHADOW_ONLY
2017-11-27,ETF_W,breakout[lookback=55],0.0,0.0,0.0,SHADOW_ONLY
2017-11-28,ETF_W,breakout[lookback=55],0.0,0.0,0.0,SHADOW_ONLY
2017-11-29,ETF_W,breakout[lookback=55],0.0,0.0,-0.0,SHADOW_ONLY
2017-11-30,ETF_W,breakout[lookback=55],0.0,0.0,-0.0,SHADOW_ONLY
2017-12-01,ETF_W,breakout[lookback=55],0.0,0.0,0.0,SHADOW_ONLY
2017-12-04,ETF_W,breakout[lookback=55],0.0,0.0,-0.0,SHADOW_ONLY
2017-12-05,ETF_W,breakout[lookback=55],0.0,0.0,-0.0,SHADOW_ONLY
2017-12-06,ETF_W,breakout[lookback=55],0.0,0.0,0.0,SHADOW_ONLY
2017-12-07,ETF_W,breakout[lookback=55],0.0,0.0,0.0,SHADOW_ONLY
2017-12-08,ETF_W,breakout[lookback=55],0.0,0.0,-0.0,SHADOW_ONLY
2017-12-11,ETF_W,breakout[lookback=55],0.0,0.0,-0.0,SHADOW_ONLY
2017-12-12,ETF_W,breakout[lookback=55],0.0,0.0,0.0,SHADOW_ONLY
2017-12-13,ETF_W,breakout[lookback=55],0.0,0.0,-0.0,SHADOW_ONLY
2017-12-14,ETF_W,breakout[lookback=55],0.0,0.0,-0.0,SHADOW_ONLY
2017-12-15,ETF_W,breakout[lookback=55],0.0,0.0,-0.0,SHADOW_ONLY
2017-12-18,ETF_W,breakout[lookback=55],0.0,0.0,0.0,SHADOW_ONLY
2017-12-19,ETF_W,breakout[lookback=55],0.0,0.0,-0.0,SHADOW_ONLY
2017-12-20,ETF_W,breakout[lookback=55],0.0,0.0,-0.0,SHADOW_ONLY
2017-12-21,ETF_W,breakout[lookback=55],0.0,0.0,-0.0,SHADOW_ONLY
2017-12-22,ETF_W,breakout[lookback=55],0.0,0.0,-0.0,SHADOW_ONLY
2017-12-25,ETF_W,breakout[lookback=55],0.0,0.0,0.0,SHADOW_ONLY
2017-12-26,ETF_W,breakout[lookback=55],0.0,0.0,0.0,SHADOW_ONLY
2017-12-27,ETF_W,breakout[lookback=55],0.0,0.0,0.0,SHADOW_ONLY
2017-12-28,ETF_W,breakout[lookback=55],0.0,0.0,0.0,SHADOW_ONLY
2017-12-29,ETF_W,breakout[lookback=55],0.0,0.0,-0.0,SHADOW_ONLY
2018-01-01,ETF_W,breakout[lookback=55],0.0,0.0,-0.0,SHADOW_ONLY
2018-01-02,ETF_W,breakout[lookback=55],0.0,0.0,0.0,SHADOW_ONLY
2018-01-03,ETF_W,breakout[lookback=55],0.0,0.0,-0.0,SHADOW_ONLY
2018-01-04,ETF_W,breakout[lookback=55],0.0,0.0,-0.0,SHADOW_ONLY
2018-01-05,ETF_W,breakout[lookback=55],0.0,0.0,-0.0,SHADOW_ONLY
2018-01-08,ETF_W,breakout[lookback=55],0.0,0.0,-0.0,SHADOW_ONLY
2018-01-09,ETF_W,breakout[lookback=55],0.0,0.0,-0.0,SHADOW_ONLY
2018-01-10,ETF_W,breakout[lookback=55],0.0,0.0,-0.0,SHADOW_ONLY
2018-01-11,ETF_W,breakout[lookback=55],0.0,0.0,-0.0,SHADOW_ONLY
2018-01-12,ETF_W,breakout[lookback=55],0.0,0.0,-0.0,SHADOW_ONLY
2018-01-15,ETF_W,breakout[lookback=55],0.0,0.0,0.0,SHADOW_ONLY
2018-01-16,ETF_W,breakout[lookback=55],0.0,0.0,-0.0,SHADOW_ONLY
2018-01-17,ETF_W,breakout[lookback=55],0.0,0.0,-0.0,SHADOW_ONLY
2018-01-18,ETF_W,breakout[lookback=55],0.0,0.0,-0.0,SHADOW_ONLY
2018-01-19,ETF_W,breakout[lookback=55],0.0,0.0,-0.0,SHADOW_ONLY
2018-01-22,ETF_W,breakout[lookback=55],0.0,0.0,-0.0,SHADOW_ONLY
2018-01-23,ETF_W,breakout[lookback=55],0.0,0.0,-0.0,SHADOW_ONLY
2018-01-24,ETF_W,breakout[lookback=55],0.0,0.0,-0.0,SHADOW_ONLY
2018-01-25,ETF_W,breakout[lookback=55],0.0,0.0,-0.0,SHADOW_ONLY
2018-01-26,ETF_W,breakout[lookback=55],0.0,0.0,-0.0,SHADOW_ONLY
2018-01-29,ETF_W,breakout[lookback=55],0.0,0.0,0.0,SHADOW_ONLY
2018-01-30,ETF_W,breakout[lookback=55],0.0,0.0,0.0,SHADOW_ONLY
2018-01-31,ETF_W,breakout[lookback=55],0.0,0.0,0.0,SHADOW_ONLY
2018-02-01,ETF_W,breakout[lookback=55],0.0,0.0,-0.0,SHADOW_ONLY
2018-02-02,ETF_W,breakout[lookback=55],0.0,0.0,0.0,SHADOW_ONLY
2018-02-05,ETF_W,breakout[lookback=55],0.0,0.0,-0.0,SHADOW_ONLY
2018-02-06,ETF_W,breakout[lookback=55],0.0,0.0,-0.0,SHADOW_ONLY
2018-02-07,ETF_W,breakout[lookback=55],0.0,0.0,0.0,SHADOW_ONLY
2018-02-08,ETF_W,breakout[lookback=55],0.0,0.0,0.0,SHADOW_ONLY
2018-02-09,ETF_W,breakout[lookback=55],0.0,0.0,0.0,SHADOW_ONLY
2018-02-12,ETF_W,breakout[lookback=55],0.0,0.0,0.0,SHADOW_ONLY
2018-02-13,ETF_W,breakout[lookback=55],0.0,0.0,0.0,SHADOW_ONLY
2018-02-14,ETF_W,breakout[lookback=55],0.0,0.0,-0.0,SHADOW_ONLY
2018-02-15,ETF_W,breakout[lookback=55],0.0,0.0,0.0,SHADOW_ONLY
2018-02-16,ETF_W,breakout[lookback=55],0.0,0.0,-0.0,SHADOW_ONLY
2018-02-19,ETF_W,breakout[lookback=55],0.0,0.0,-0.0,SHADOW_ONLY
2018-02-20,ETF_W,breakout[lookback=55],0.0,0.0,-0.0,SHADOW_ONLY
2018-02-21,ETF_W,breakout[lookback=55],0.0,0.0,-0.0,SHADOW_ONLY
2018-02-22,ETF_W,breakout[lookback=55],0.0,0.0,0.0,SHADOW_ONLY
2018-02-23,ETF_W,breakout[lookback=55],0.0,0.0,-0.0,SHADOW_ONLY
2018-02-26,ETF_W,breakout[lookback=55],0.0,0.0,0.0,SHADOW_ONLY
2018-02-27,ETF_W,breakout[lookback=55],0.0,0.0,0.0,SHADOW_ONLY
2018-02-28,ETF_W,breakout[lookback=55],0.0,0.0,0.0,SHADOW_ONLY
2018-03-01,ETF_W,breakout[lookback=55],0.0,0.0,-0.0,SHADOW_ONLY
2018-03-02,ETF_W,breakout[lookback=55],0.0,0.0,0.0,SHADOW_ONLY
2018-03-05,ETF_W,breakout[lookback=55],0.0,0.0,-0.0,SHADOW_ONLY
2018-03-06,ETF_W,breakout[lookback=55],0.0,0.0,-0.0,SHADOW_ONLY
2018-03-07,ETF_W,breakout[lookback=55],0.0,0.0,-0.0,SHADOW_ONLY
2018-03-08,ETF_W,breakout[lookback=55],0.0,0.0,0.0,SHADOW_ONLY
2018-03-09,ETF_W,breakout[lookback=55],0.0,0.0,0.0,SHADOW_ONLY
2018-03-12,ETF_W,breakout[lookback=55],0.0,0.0,-0.0,SHADOW_ONLY
2018-03-13,ETF_W,breakout[lookback=55],0.0,0.0,0.0,SHADOW_ONLY
2018-03-14,ETF_W,breakout[lookback=55],0.0,0.0,0.0,SHADOW_ONLY
2018-03-15,ETF_W,breakout[lookback=55],0.0,0.0,-0.0,SHADOW_ONLY
2018-03-16,ETF_W,breakout[lookback=55],0.0,0.0,0.0,SHADOW_ONLY
2018-03-19,ETF_W,breakout[lookback=55],0.0,0.0,0.0,SHADOW_ONLY
2018-03-20,ETF_W,breakout[lookback=55],0.0,0.0,0.0,SHADOW_ONLY
2018-03-21,ETF_W,breakout[lookback=55],0.0,0.0,-0.0,SHADOW_ONLY
2018-03-22,ETF_W,breakout[lookback=55],0.0,0.0,-0.0,SHADOW_ONLY
2018-03-23,ETF_W,breakout[lookback=55],0.0,0.0,0.0,SHADOW_ONLY
2018-03-26,ETF_W,breakout[lookback=55],0.0,0.0,0.0,SHADOW_ONLY
2018-03-27,ETF_W,breakout[lookback=55],0.0,0.0,0.0,SHADOW_ONLY
2018-03-28,ETF_W,breakout[lookback=55],0.0,0.0,-0.0,SHADOW_ONLY
2018-03-29,ETF_W,breakout[lookback=55],0.0,0.0,-0.0,SHADOW_ONLY
2018-03-30,ETF_W,breakout[lookback=55],0.0,0.0,-0.0,SHADOW_ONLY
2018-04-02,ETF_W,breakout[lookback=55],0.0,0.0,-0.0,SHADOW_ONLY
2018-04-03,ETF_W,breakout[lookback=55],0.0,0.0,0.0,SHADOW_ONLY
2018-04-04,ETF_W,breakout[lookback=55],0.0,0.0,-0.0,SHADOW_ONLY
2018-04-05,ETF_W,breakout[lookback=55],0.0,0.0,0.0,SHADOW_ONLY
2018-04-06,ETF_W,breakout[lookback=55],0.0,0.0,0.0,SHADOW_ONLY
2018-04-09,ETF_W,breakout[lookback=55],0.0,0.0,0.0,SHADOW_ONLY
2018-04-10,ETF_W,breakout[lookback=55],0.0,0.0,-0.0,SHADOW_ONLY
2018-04-11,ETF_W,breakout[lookback=55],0.0,0.0,-0.0,SHADOW_ONLY
2018-04-12,ETF_W,breakout[lookback=55],0.0,0.0,-0.0,SHADOW_ONLY
2018-04-13,ETF_W,breakout[lookback=55],0.0,0.0,-0.0,SHADOW_ONLY
2018-04-16,ETF_W,breakout[lookback=55],0.0,0.0,-0.0,SHADOW_ONLY
2018-04-17,ETF_W,breakout[lookback=55],0.0,0.0,0.0,SHADOW_ONLY
2018-04-18,ETF_W,breakout[lookback=55],0.0,0.0,0.0,SHADOW_ONLY
2018-04-19,ETF_W,breakout[lookback=55],0.0,0.0,-0.0,SHADOW_ONLY
2018-04-20,ETF_W,breakout[lookback=55],0.0,0.0,0.0,SHADOW_ONLY
2018-04-23,ETF_W,breakout[lookback=55],0.0,0.0,0.0,SHADOW_ONLY
2018-04-24,ETF_W,breakout[lookback=55],0.0,0.0,0.0,SHADOW_ONLY
2018-04-25,ETF_W,breakout[lookback=55],1.0,0.0,-0.0010045199079135258,SHADOW_ONLY
2018-04-26,ETF_W,breakout[lookback=55],1.0,1.0,0.018292109151372804,SHADOW_ONLY
2018-04-27,ETF_W,breakout[lookback=55],1.0,1.0,-0.0110850700132048,SHADOW_ONLY
2018-04-30,ETF_W,breakout[lookback=55],1.0,1.0,0.0039169080807326395,SHADOW_ONLY
2018-05-01,ETF_W,breakout[lookback=55],1.0,1.0,-0.012372553451219126,SHADOW_ONLY
2018-05-02,ETF_W,breakout[lookback=55],1.0,1.0,0.01610115519898292,SHADOW_ONLY
2018-05-03,ETF_W,breakout[lookback=55],1.0,1.0,0.010427727239028073,SHADOW_ONLY
2018-05-04,ETF_W,breakout[lookback=55],1.0,1.0,0.011448678192004014,SHADOW_ONLY
2018-05-07,ETF_W,breakout[lookback=55],1.0,1.0,0.014411984384486765,SHADOW_ONLY
2018-05-08,ETF_W,breakout[lookback=55],1.0,1.0,-0.0009285583040603562,SHADOW_ONLY
2018-05-09,ETF_W,breakout[lookback=55],1.0,1.0,-0.008161264915182431,SHADOW_ONLY
2018-05-10,ETF_W,breakout[lookback=55],1.0,1.0,-0.00755124979803401,SHADOW_ONLY
2018-05-11,ETF_W,breakout[lookback=55],1.0,1.0,0.00828161165436736,SHADOW_ONLY
2018-05-14,ETF_W,breakout[lookback=55],1.0,1.0,0.008628800736778741,SHADOW_ONLY
2018-05-15,ETF_W,breakout[lookback=55],1.0,1.0,-0.018906234431467772,SHADOW_ONLY
2018-05-16,ETF_W,breakout[lookback=55],1.0,1.0,0.017485072530595724,SHADOW_ONLY
2018-05-17,ETF_W,breakout[lookback=55],1.0,1.0,0.011001627881618514,SHADOW_ONLY
2018-05-18,ETF_W,breakout[lookback=55],1.0,1.0,0.011119099876944816,SHADOW_ONLY
2018-05-21,ETF_W,breakout[lookback=55],1.0,1.0,0.0071913692360379144,SHADOW_ONLY
2018-05-22,ETF_W,breakout[lookback=55],1.0,1.0,0.00444710629402123,SHADOW_ONLY
2018-05-23,ETF_W,breakout[lookback=55],1.0,1.0,0.0020027782490610324,SHADOW_ONLY
2018-05-24,ETF_W,breakout[lookback=55],1.0,1.0,0.0006641931846338434,SHADOW_ONLY
2018-05-25,ETF_W,breakout[lookback=55],1.0,1.0,-0.0015490431957196904,SHADOW_ONLY
2018-05-28,ETF_W,breakout[lookback=55],1.0,1.0,-0.010667559366030033,SHADOW_ONLY
2018-05-29,ETF_W,breakout[lookback=55],1.0,1.0,0.001036906103475399,SHADOW_ONLY
2018-05-30,ETF_W,breakout[lookback=55],1.0,1.0,0.006674957772175416,SHADOW_ONLY
2018-05-31,ETF_W,breakout[lookback=55],1.0,1.0,-0.00411763619615757,SHADOW_ONLY
2018-06-01,ETF_W,breakout[lookback=55],1.0,1.0,0.0018692729961595766,SHADOW_ONLY
2018-06-04,ETF_W,breakout[lookback=55],1.0,1.0,0.0022338152404044465,SHADOW_ONLY
2018-06-05,ETF_W,breakout[lookback=55],1.0,1.0,-0.0008714098297341044,SHADOW_ONLY
2018-06-06,ETF_W,breakout[lookback=55],1.0,1.0,-0.005321533577019366,SHADOW_ONLY
2018-06-07,ETF_W,breakout[lookback=55],1.0,1.0,-0.0004470932810932693,SHADOW_ONLY
2018-06-08,ETF_W,breakout[lookback=55],1.0,1.0,-0.0024518415450991426,SHADOW_ONLY
2018-06-11,ETF_W,breakout[lookback=55],1.0,1.0,-0.012932950825327971,SHADOW_ONLY
2018-06-12,ETF_W,breakout[lookback=55],1.0,1.0,0.011352194707003438,SHADOW_ONLY
2018-06-13,ETF_W,breakout[lookback=55],1.0,1.0,0.02512205644314225,SHADOW_ONLY
2018-06-14,ETF_W,breakout[lookback=55],1.0,1.0,0.0012847368779012047,SHADOW_ONLY
2018-06-15,ETF_W,breakout[lookback=55],1.0,1.0,0.004551175065318436,SHADOW_ONLY
2018-06-18,ETF_W,breakout[lookback=55],1.0,1.0,-0.011766750583510177,SHADOW_ONLY
2018-06-19,ETF_W,breakout[lookback=55],1.0,1.0,-0.004210746280094546,SHADOW_ONLY
2018-06-20,ETF_W,breakout[lookback=55],1.0,1.0,-0.002465670371413542,SHADOW_ONLY
2018-06-21,ETF_W,breakout[lookback=55],1.0,1.0,0.004631620380840529,SHADOW_ONLY
2018-06-22,ETF_W,breakout[lookback=55],1.0,1.0,-0.005869953211505741,SHADOW_ONLY
2018-06-25,ETF_W,breakout[lookback=55],1.0,1.0,0.0012635214627634284,SHADOW_ONLY
2018-06-26,ETF_W,breakout[lookback=55],1.0,1.0,-0.004645910452901969,SHADOW_ONLY
2018-06-27,ETF_W,breakout[lookback=55],1.0,1.0,0.003123529038641104,SHADOW_ONLY
2018-06-28,ETF_W,breakout[lookback=55],1.0,1.0,-0.00567059354711108,SHADOW_ONLY
2018-06-29,ETF_W,breakout[lookback=55],1.0,1.0,-0.00815260984122168,SHADOW_ONLY
2018-07-02,ETF_W,breakout[lookback=55],1.0,1.0,-0.005450126593745774,SHADOW_ONLY
2018-07-03,ETF_W,breakout[lookback=55],1.0,1.0,-0.008001395493454577,SHADOW_ONLY
2018-07-04,ETF_W,breakout[lookback=55],1.0,1.0,-0.0035913042388291405,SHADOW_ONLY
2018-07-05,ETF_W,breakout[lookback=55],1.0,1.0,-0.008653437041942103,SHADOW_ONLY
2018-07-06,ETF_W,breakout[lookback=55],1.0,1.0,-0.0019647026881373097,SHADOW_ONLY
2018-07-09,ETF_W,breakout[lookback=55],1.0,1.0,-0.0030638495212215178,SHADOW_ONLY
2018-07-10,ETF_W,breakout[lookback=55],1.0,1.0,-0.0019947456507485306,SHADOW_ONLY
2018-07-11,ETF_W,breakout[lookback=55],1.0,1.0,-0.003946277227378059,SHADOW_ONLY
2018-07-12,ETF_W,breakout[lookback=55],1.0,1.0,-0.0005613360880193374,SHADOW_ONLY
2018-07-13,ETF_W,breakout[lookback=55],1.0,1.0,0.009906141961951942,SHADOW_ONLY
2018-07-16,ETF_W,breakout[lookback=55],1.0,1.0,0.007171745896169535,SHADOW_ONLY
2018-07-17,ETF_W,breakout[lookback=55],1.0,1.0,0.0008596973175443168,SHADOW_ONLY
2018-07-18,ETF_W,breakout[lookback=55],1.0,1.0,0.008274095284473093,SHADOW_ONLY
2018-07-19,ETF_W,breakout[lookback=55],1.0,1.0,0.0031575662937071147,SHADOW_ONLY
2018-07-20,ETF_W,breakout[lookback=55],1.0,1.0,-0.010260948790378865,SHADOW_ONLY
2018-07-23,ETF_W,breakout[lookback=55],1.0,1.0,-0.006756185566403117,SHADOW_ONLY
2018-07-24,ETF_W,breakout[lookback=55],1.0,1.0,-0.009175248501004818,SHADOW_ONLY
2018-07-25,ETF_W,breakout[lookback=55],1.0,1.0,-0.00806957853381085,SHADOW_ONLY
2018-07-26,ETF_W,breakout[lookback=55],0.0,1.0,0.009894468300127057,SHADOW_ONLY
2018-07-27,ETF_W,breakout[lookback=55],0.0,0.0,-0.0,SHADOW_ONLY
2018-07-30,ETF_W,breakout[lookback=55],0.0,0.0,-0.0,SHADOW_ONLY
2018-07-31,ETF_W,breakout[lookback=55],0.0,0.0,0.0,SHADOW_ONLY
2018-08-01,ETF_W,breakout[lookback=55],0.0,0.0,-0.0,SHADOW_ONLY
2018-08-02,ETF_W,breakout[lookback=55],0.0,0.0,-0.0,SHADOW_ONLY
2018-08-03,ETF_W,breakout[lookback=55],0.0,0.0,0.0,SHADOW_ONLY
2018-08-06,ETF_W,breakout[lookback=55],0.0,0.0,0.0,SHADOW_ONLY
2018-08-07,ETF_W,breakout[lookback=55],0.0,0.0,0.0,SHADOW_ONLY
2018-08-08,ETF_W,breakout[lookback=55],0.0,0.0,0.0,SHADOW_ONLY
2018-08-09,ETF_W,breakout[lookback=55],0.0,0.0,-0.0,SHADOW_ONLY
2018-08-10,ETF_W,breakout[lookback=55],0.0,0.0,-0.0,SHADOW_ONLY
2018-08-13,ETF_W,breakout[lookback=55],0.0,0.0,0.0,SHADOW_ONLY
2018-08-14,ETF_W,breakout[lookback=55],0.0,0.0,0.0,SHADOW_ONLY
2018-08-15,ETF_W,breakout[lookback=55],0.0,0.0,0.0,SHADOW_ONLY
2018-08-16,ETF_W,breakout[lookback=55],0.0,0.0,0.0,SHADOW_ONLY
2018-08-17,ETF_W,breakout[lookback=55],0.0,0.0,0.0,SHADOW_ONLY
2018-08-20,ETF_W,breakout[lookback=55],0.0,0.0,0.0,SHADOW_ONLY
2018-08-21,ETF_W,breakout[lookback=55],0.0,0.0,-0.0,SHADOW_ONLY
2018-08-22,ETF_W,breakout[lookback=55],0.0,0.0,0.0,SHADOW_ONLY
2018-08-23,ETF_W,breakout[lookback=55],0.0,0.0,0.0,SHADOW_ONLY
2018-08-24,ETF_W,breakout[lookback=55],0.0,0.0,-0.0,SHADOW_ONLY
2018-08-27,ETF_W,breakout[lookback=55],0.0,0.0,0.0,SHADOW_ONLY
2018-08-28,ETF_W,breakout[lookback=55],0.0,0.0,0.0,SHADOW_ONLY
2018-08-29,ETF_W,breakout[lookback=55],1.0,0.0,-0.0008596339423749897,SHADOW_ONLY
2018-08-30,ETF_W,breakout[lookback=55],1.0,1.0,-0.0015162542888856878,SHADOW_ONLY
2018-08-31,ETF_W,breakout[lookback=55],1.0,1.0,-0.013576423350389444,SHADOW_ONLY
2018-09-03,ETF_W,breakout[lookback=55],1.0,1.0,-0.003796395398757757,SHADOW_ONLY
2018-09-04,ETF_W,breakout[lookback=55],1.0,1.0,-0.0054387995553801805,SHADOW_ONLY
2018-09-05,ETF_W,breakout[lookback=55],1.0,1.0,0.004973254594615284,SHADOW_ONLY
2018-09-06,ETF_W,breakout[lookback=55],1.0,1.0,0.010648911156647012,SHADOW_ONLY
2018-09-07,ETF_W,breakout[lookback=55],1.0,1.0,0.001562683118164765,SHADOW_ONLY
2018-09-10,ETF_W,breakout[lookback=55],1.0,1.0,0.003326328609626117,SHADOW_ONLY
2018-09-11,ETF_W,breakout[lookback=55],1.0,1.0,-0.005730022174980198,SHADOW_ONLY
2018-09-12,ETF_W,breakout[lookback=55],1.0,1.0,0.01518823153717852,SHADOW_ONLY
2018-09-13,ETF_W,breakout[lookback=55],1.0,1.0,0.006413694924324753,SHADOW_ONLY
2018-09-14,ETF_W,breakout[lookback=55],1.0,1.0,0.006062731191549986,SHADOW_ONLY
2018-09-17,ETF_W,breakout[lookback=55],1.0,1.0,0.018073570352233226,SHADOW_ONLY
2018-09-18,ETF_W,breakout[lookback=55],1.0,1.0,0.0009782378379183942,SHADOW_ONLY
2018-09-19,ETF_W,breakout[lookback=55],1.0,1.0,0.0005756027255114926,SHADOW_ONLY
2018-09-20,ETF_W,breakout[lookback=55],1.0,1.0,-0.0020793874899502907,SHADOW_ONLY
2018-09-21,ETF_W,breakout[lookback=55],1.0,1.0,-0.01177517382277804,SHADOW_ONLY
2018-09-24,ETF_W,breakout[lookback=55],1.0,1.0,0.010122890491141456,SHADOW_ONLY
2018-09-25,ETF_W,breakout[lookback=55],1.0,1.0,-0.0012499641503904702,SHADOW_ONLY
2018-09-26,ETF_W,breakout[lookback=55],1.0,1.0,-0.007656157971308808,SHADOW_ONLY
2018-09-27,ETF_W,breakout[lookback=55],1.0,1.0,-0.006883819540730918,SHADOW_ONLY
2018-09-28,ETF_W,breakout[lookback=55],1.0,1.0,0.0035132255327698925,SHADOW_ONLY
2018-10-01,ETF_W,breakout[lookback=55],1.0,1.0,0.010398405611198314,SHADOW_ONLY
2018-10-02,ETF_W,breakout[lookback=55],1.0,1.0,0.0022826159179540895,SHADOW_ONLY
2018-10-03,ETF_W,breakout[lookback=55],1.0,1.0,-0.006599155528980272,SHADOW_ONLY
2018-10-04,ETF_W,breakout[lookback=55],1.0,1.0,-0.007623205169514868,SHADOW_ONLY
2018-10-05,ETF_W,breakout[lookback=55],1.0,1.0,0.004612450279643188,SHADOW_ONLY
2018-10-08,ETF_W,breakout[lookback=55],1.0,1.0,0.010010659308363978,SHADOW_ONLY
2018-10-09,ETF_W,breakout[lookback=55],1.0,1.0,0.0012649316118240606,SHADOW_ONLY
2018-10-10,ETF_W,breakout[lookback=55],1.0,1.0,-0.017592288505376086,SHADOW_ONLY
2018-10-11,ETF_W,breakout[lookback=55],1.0,1.0,-0.002601061208680866,SHADOW_ONLY
2018-10-12,ETF_W,breakout[lookback=55],1.0,1.0,-0.003139069161701813,SHADOW_ONLY
2018-10-15,ETF_W,breakout[lookback=55],1.0,1.0,0.003115257115684056,SHADOW_ONLY
2018-10-16,ETF_W,breakout[lookback=55],1.0,1.0,0.005553059420163153,SHADOW_ONLY
2018-10-17,ETF_W,breakout[lookback=55],1.0,1.0,0.006457819295693001,SHADOW_ONLY
2018-10-18,ETF_W,breakout[lookback=55],1.0,1.0,-0.009250770417432608,SHADOW_ONLY
2018-10-19,ETF_W,breakout[lookback=55],1.0,1.0,-0.008742084259025784,SHADOW_ONLY
2018-10-22,ETF_W,breakout[lookback=55],1.0,1.0,0.0019384122344789922,SHADOW_ONLY
2018-10-23,ETF_W,breakout[lookback=55],1.0,1.0,0.007332855131721994,SHADOW_ONLY
2018-10-24,ETF_W,breakout[lookback=55],1.0,1.0,-0.0008666519463127464,SHADOW_ONLY
2018-10-25,ETF_W,breakout[lookback=55],1.0,1.0,-0.006103977614614564,SHADOW_ONLY
2018-10-26,ETF_W,breakout[lookback=55],1.0,1.0,-0.012480352236038383,SHADOW_ONLY
2018-10-29,ETF_W,breakout[lookback=55],1.0,1.0,-0.02057788619757983,SHADOW_ONLY
2018-10-30,ETF_W,breakout[lookback=55],1.0,1.0,-0.0016462852729082211,SHADOW_ONLY
2018-10-31,ETF_W,breakout[lookback=55],1.0,1.0,-0.007863795550272501,SHADOW_ONLY
2018-11-01,ETF_W,breakout[lookback=55],1.0,1.0,-0.02174978963269414,SHADOW_ONLY
2017-11-17,FX_EURUSD,momentum[lookback=21],0.0,0.0,-0.0,SHADOW_ONLY
2017-11-20,FX_EURUSD,momentum[lookback=21],0.0,0.0,-0.0,SHADOW_ONLY
2017-11-21,FX_EURUSD,momentum[lookback=21],0.0,0.0,0.0,SHADOW_ONLY
2017-11-22,FX_EURUSD,momentum[lookback=21],0.0,0.0,-0.0,SHADOW_ONLY
2017-11-23,FX_EURUSD,momentum[lookback=21],0.0,0.0,-0.0,SHADOW_ONLY
2017-11-24,FX_EURUSD,momentum[lookback=21],0.0,0.0,0.0,SHADOW_ONLY
2017-11-27,FX_EURUSD,momentum[lookback=21],0.0,0.0,-0.0,SHADOW_ONLY
2017-11-28,FX_EURUSD,momentum[lookback=21],0.0,0.0,0.0,SHADOW_ONLY
2017-11-29,FX_EURUSD,momentum[lookback=21],0.0,0.0,-0.0,SHADOW_ONLY
2017-11-30,FX_EURUSD,momentum[lookback=21],0.0,0.0,0.0,SHADOW_ONLY
2017-12-01,FX_EURUSD,momentum[lookback=21],1.0,0.0,-0.0006481087363777308,SHADOW_ONLY
2017-12-04,FX_EURUSD,momentum[lookback=21],1.0,1.0,0.0025430519338065505,SHADOW_ONLY
2017-12-05,FX_EURUSD,momentum[lookback=21],1.0,1.0,0.0025907866415695313,SHADOW_ONLY
2017-12-06,FX_EURUSD,momentum[lookback=21],1.0,1.0,0.002025991105211844,SHADOW_ONLY
2017-12-07,FX_EURUSD,momentum[lookback=21],1.0,1.0,0.0031833275765495994,SHADOW_ONLY
2017-12-08,FX_EURUSD,momentum[lookback=21],1.0,1.0,-0.007240313591830971,SHADOW_ONLY
2017-12-11,FX_EURUSD,momentum[lookback=21],1.0,1.0,-0.001723322078288958,SHADOW_ONLY
2017-12-12,FX_EURUSD,momentum[lookback=21],1.0,1.0,0.001186021917686908,SHADOW_ONLY
2017-12-13,FX_EURUSD,momentum[lookback=21],1.0,1.0,-0.003813353310340495,SHADOW_ONLY
2017-12-14,FX_EURUSD,momentum[lookback=21],1.0,1.0,-0.0018547459412254774,SHADOW_ONLY
2017-12-15,FX_EURUSD,momentum[lookback=21],0.0,1.0,-0.005549375861726435,SHADOW_ONLY
2017-12-18,FX_EURUSD,momentum[lookback=21],0.0,0.0,0.0,SHADOW_ONLY
2017-12-19,FX_EURUSD,momentum[lookback=21],1.0,0.0,-0.0007456522164903067,SHADOW_ONLY
2017-12-20,FX_EURUSD,momentum[lookback=21],1.0,1.0,-0.009030576616776975,SHADOW_ONLY
2017-12-21,FX_EURUSD,momentum[lookback=21],1.0,1.0,-0.013432776546149494,SHADOW_ONLY
2017-12-22,FX_EURUSD,momentum[lookback=21],0.0,1.0,-0.0037456886413183635,SHADOW_ONLY
2017-12-25,FX_EURUSD,momentum[lookback=21],0.0,0.0,0.0,SHADOW_ONLY
2017-12-26,FX_EURUSD,momentum[lookback=21],0.0,0.0,-0.0,SHADOW_ONLY
2017-12-27,FX_EURUSD,momentum[lookback=21],0.0,0.0,-0.0,SHADOW_ONLY
2017-12-28,FX_EURUSD,momentum[lookback=21],0.0,0.0,0.0,SHADOW_ONLY
2017-12-29,FX_EURUSD,momentum[lookback=21],0.0,0.0,0.0,SHADOW_ONLY
2018-01-01,FX_EURUSD,momentum[lookback=21],0.0,0.0,-0.0,SHADOW_ONLY
2018-01-02,FX_EURUSD,momentum[lookback=21],0.0,0.0,0.0,SHADOW_ONLY
2018-01-03,FX_EURUSD,momentum[lookback=21],0.0,0.0,-0.0,SHADOW_ONLY
2018-01-04,FX_EURUSD,momentum[lookback=21],0.0,0.0,-0.0,SHADOW_ONLY
2018-01-05,FX_EURUSD,momentum[lookback=21],0.0,0.0,-0.0,SHADOW_ONLY
2018-01-08,FX_EURUSD,momentum[lookback=21],0.0,0.0,-0.0,SHADOW_ONLY
2018-01-09,FX_EURUSD,momentum[lookback=21],0.0,0.0,-0.0,SHADOW_ONLY
2018-01-10,FX_EURUSD,momentum[lookback=21],0.0,0.0,-0.0,SHADOW_ONLY
2018-01-11,FX_EURUSD,momentum[lookback=21],0.0,0.0,-0.0,SHADOW_ONLY
2018-01-12,FX_EURUSD,momentum[lookback=21],0.0,0.0,0.0,SHADOW_ONLY
2018-01-15,FX_EURUSD,momentum[lookback=21],0.0,0.0,-0.0,SHADOW_ONLY
2018-01-16,FX_EURUSD,momentum[lookback=21],0.0,0.0,-0.0,SHADOW_ONLY
2018-01-17,FX_EURUSD,momentum[lookback=21],0.0,0.0,-0.0,SHADOW_ONLY
2018-01-18,FX_EURUSD,momentum[lookback=21],0.0,0.0,-0.0,SHADOW_ONLY
2018-01-19,FX_EURUSD,momentum[lookback=21],0.0,0.0,-0.0,SHADOW_ONLY
2018-01-22,FX_EURUSD,momentum[lookback=21],0.0,0.0,-0.0,SHADOW_ONLY
2018-01-23,FX_EURUSD,momentum[lookback=21],0.0,0.0,-0.0,SHADOW_ONLY
2018-01-24,FX_EURUSD,momentum[lookback=21],0.0,0.0,-0.0,SHADOW_ONLY
2018-01-25,FX_EURUSD,momentum[lookback=21],0.0,0.0,-0.0,SHADOW_ONLY
2018-01-26,FX_EURUSD,momentum[lookback=21],0.0,0.0,0.0,SHADOW_ONLY
2018-01-29,FX_EURUSD,momentum[lookback=21],0.0,0.0,-0.0,SHADOW_ONLY
2018-01-30,FX_EURUSD,momentum[lookback=21],0.0,0.0,-0.0,SHADOW_ONLY
2018-01-31,FX_EURUSD,momentum[lookback=21],0.0,0.0,0.0,SHADOW_ONLY
2018-02-01,FX_EURUSD,momentum[lookback=21],0.0,0.0,-0.0,SHADOW_ONLY
2018-02-02,FX_EURUSD,momentum[lookback=21],0.0,0.0,-0.0,SHADOW_ONLY
2018-02-05,FX_EURUSD,momentum[lookback=21],0.0,0.0,-0.0,SHADOW_ONLY
2018-02-06,FX_EURUSD,momentum[lookback=21],0.0,0.0,0.0,SHADOW_ONLY
2018-02-07,FX_EURUSD,momentum[lookback=21],0.0,0.0,-0.0,SHADOW_ONLY
2018-02-08,FX_EURUSD,momentum[lookback=21],0.0,0.0,-0.0,SHADOW_ONLY
2018-02-09,FX_EURUSD,momentum[lookback=21],0.0,0.0,-0.0,SHADOW_ONLY
2018-02-12,FX_EURUSD,momentum[lookback=21],0.0,0.0,-0.0,SHADOW_ONLY
2018-02-13,FX_EURUSD,momentum[lookback=21],0.0,0.0,-0.0,SHADOW_ONLY
2018-02-14,FX_EURUSD,momentum[lookback=21],0.0,0.0,-0.0,SHADOW_ONLY
2018-02-15,FX_EURUSD,momentum[lookback=21],0.0,0.0,0.0,SHADOW_ONLY
2018-02-16,FX_EURUSD,momentum[lookback=21],0.0,0.0,-0.0,SHADOW_ONLY
2018-02-19,FX_EURUSD,momentum[lookback=21],0.0,0.0,-0.0,SHADOW_ONLY
2018-02-20,FX_EURUSD,momentum[lookback=21],0.0,0.0,-0.0,SHADOW_ONLY
2018-02-21,FX_EURUSD,momentum[lookback=21],0.0,0.0,-0.0,SHADOW_ONLY
2018-02-22,FX_EURUSD,momentum[lookback=21],0.0,0.0,0.0,SHADOW_ONLY
2018-02-23,FX_EURUSD,momentum[lookback=21],0.0,0.0,0.0,SHADOW_ONLY
2018-02-26,FX_EURUSD,momentum[lookback=21],0.0,0.0,-0.0,SHADOW_ONLY
2018-02-27,FX_EURUSD,momentum[lookback=21],0.0,0.0,-0.0,SHADOW_ONLY
2018-02-28,FX_EURUSD,momentum[lookback=21],0.0,0.0,-0.0,SHADOW_ONLY
2018-03-01,FX_EURUSD,momentum[lookback=21],0.0,0.0,-0.0,SHADOW_ONLY
2018-03-02,FX_EURUSD,momentum[lookback=21],0.0,0.0,-0.0,SHADOW_ONLY
2018-03-05,FX_EURUSD,momentum[lookback=21],0.0,0.0,-0.0,SHADOW_ONLY
2018-03-06,FX_EURUSD,momentum[lookback=21],0.0,0.0,0.0,SHADOW_ONLY
2018-03-07,FX_EURUSD,momentum[lookback=21],0.0,0.0,-0.0,SHADOW_ONLY
2018-03-08,FX_EURUSD,momentum[lookback=21],0.0,0.0,0.0,SHADOW_ONLY
2018-03-09,FX_EURUSD,momentum[lookback=21],0.0,0.0,-0.0,SHADOW_ONLY
2018-03-12,FX_EURUSD,momentum[lookback=21],0.0,0.0,-0.0,SHADOW_ONLY
2018-03-13,FX_EURUSD,momentum[lookback=21],0.0,0.0,0.0,SHADOW_ONLY
2018-03-14,FX_EURUSD,momentum[lookback=21],0.0,0.0,-0.0,SHADOW_ONLY
2018-03-15,FX_EURUSD,momentum[lookback=21],0.0,0.0,-0.0,SHADOW_ONLY
2018-03-16,FX_EURUSD,momentum[lookback=21],0.0,0.0,0.0,SHADOW_ONLY
2018-03-19,FX_EURUSD,momentum[lookback=21],0.0,0.0,-0.0,SHADOW_ONLY
2018-03-20,FX_EURUSD,momentum[lookback=21],0.0,0.0,-0.0,SHADOW_ONLY
2018-03-21,FX_EURUSD,momentum[lookback=21],0.0,0.0,-0.0,SHADOW_ONLY
2018-03-22,FX_EURUSD,momentum[lookback=21],0.0,0.0,-0.0,SHADOW_ONLY
2018-03-23,FX_EURUSD,momentum[lookback=21],0.0,0.0,0.0,SHADOW_ONLY
2018-03-26,FX_EURUSD,momentum[lookback=21],0.0,0.0,-0.0,SHADOW_ONLY
2018-03-27,FX_EURUSD,momentum[lookback=21],0.0,0.0,0.0,SHADOW_ONLY
2018-03-28,FX_EURUSD,momentum[lookback=21],0.0,0.0,0.0,SHADOW_ONLY
2018-03-29,FX_EURUSD,momentum[lookback=21],0.0,0.0,-0.0,SHADOW_ONLY
2018-03-30,FX_EURUSD,momentum[lookback=21],0.0,0.0,0.0,SHADOW_ONLY
2018-04-02,FX_EURUSD,momentum[lookback=21],0.0,0.0,-0.0,SHADOW_ONLY
2018-04-03,FX_EURUSD,momentum[lookback=21],0.0,0.0,0.0,SHADOW_ONLY
2018-04-04,FX_EURUSD,momentum[lookback=21],0.0,0.0,0.0,SHADOW_ONLY
2018-04-05,FX_EURUSD,momentum[lookback=21],0.0,0.0,-0.0,SHADOW_ONLY
2018-04-06,FX_EURUSD,momentum[lookback=21],0.0,0.0,-0.0,SHADOW_ONLY
2018-04-09,FX_EURUSD,momentum[lookback=21],0.0,0.0,0.0,SHADOW_ONLY
2018-04-10,FX_EURUSD,momentum[lookback=21],0.0,0.0,-0.0,SHADOW_ONLY
2018-04-11,FX_EURUSD,momentum[lookback=21],0.0,0.0,-0.0,SHADOW_ONLY
2018-04-12,FX_EURUSD,momentum[lookback=21],0.0,0.0,0.0,SHADOW_ONLY
2018-04-13,FX_EURUSD,momentum[lookback=21],0.0,0.0,0.0,SHADOW_ONLY
2018-04-16,FX_EURUSD,momentum[lookback=21],0.0,0.0,-0.0,SHADOW_ONLY
2018-04-17,FX_EURUSD,momentum[lookback=21],0.0,0.0,0.0,SHADOW_ONLY
2018-04-18,FX_EURUSD,momentum[lookback=21],0.0,0.0,0.0,SHADOW_ONLY
2018-04-19,FX_EURUSD,momentum[lookback=21],1.0,0.0,-0.0006509961235221854,SHADOW_ONLY
2018-04-20,FX_EURUSD,momentum[lookback=21],1.0,1.0,-0.002550182739218143,SHADOW_ONLY
2018-04-23,FX_EURUSD,momentum[lookback=21],1.0,1.0,0.0047770783415468365,SHADOW_ONLY
2018-04-24,FX_EURUSD,momentum[lookback=21],1.0,1.0,-0.005100750447596503,SHADOW_ONLY
2018-04-25,FX_EURUSD,momentum[lookback=21],1.0,1.0,-0.0019413685572186035,SHADOW_ONLY
2018-04-26,FX_EURUSD,momentum[lookback=21],1.0,1.0,-0.0037753257394145256,SHADOW_ONLY
2018-04-27,FX_EURUSD,momentum[lookback=21],1.0,1.0,-0.0022004794438171826,SHADOW_ONLY
2018-04-30,FX_EURUSD,momentum[lookback=21],1.0,1.0,0.0018500587279248748,SHADOW_ONLY
2018-05-01,FX_EURUSD,momentum[lookback=21],1.0,1.0,-0.012653195103977666,SHADOW_ONLY
2018-05-02,FX_EURUSD,momentum[lookback=21],1.0,1.0,-0.008429994764080018,SHADOW_ONLY
2018-05-03,FX_EURUSD,momentum[lookback=21],0.0,1.0,0.0007716837810886125,SHADOW_ONLY
2018-05-04,FX_EURUSD,momentum[lookback=21],0.0,0.0,0.0,SHADOW_ONLY
2018-05-07,FX_EURUSD,momentum[lookback=21],0.0,0.0,0.0,SHADOW_ONLY
2018-05-08,FX_EURUSD,momentum[lookback=21],0.0,0.0,-0.0,SHADOW_ONLY
2018-05-09,FX_EURUSD,momentum[lookback=21],0.0,0.0,0.0,SHADOW_ONLY
2018-05-10,FX_EURUSD,momentum[lookback=21],1.0,0.0,-0.0007211496417086675,SHADOW_ONLY
2018-05-11,FX_EURUSD,momentum[lookback=21],1.0,1.0,0.00017448764562355557,SHADOW_ONLY
2018-05-14,FX_EURUSD,momentum[lookback=21],1.0,1.0,0.0019884016499724932,SHADOW_ONLY
2018-05-15,FX_EURUSD,momentum[lookback=21],0.0,1.0,-0.003791159802200121,SHADOW_ONLY
2018-05-16,FX_EURUSD,momentum[lookback=21],0.0,0.0,-0.0,SHADOW_ONLY
2018-05-17,FX_EURUSD,momentum[lookback=21],0.0,0.0,-0.0,SHADOW_ONLY
2018-05-18,FX_EURUSD,momentum[lookback=21],0.0,0.0,-0.0,SHADOW_ONLY
2018-05-21,FX_EURUSD,momentum[lookback=21],0.0,0.0,-0.0,SHADOW_ONLY
2018-05-22,FX_EURUSD,momentum[lookback=21],0.0,0.0,-0.0,SHADOW_ONLY
2018-05-23,FX_EURUSD,momentum[lookback=21],0.0,0.0,0.0,SHADOW_ONLY
2018-05-24,FX_EURUSD,momentum[lookback=21],0.0,0.0,0.0,SHADOW_ONLY
2018-05-25,FX_EURUSD,momentum[lookback=21],0.0,0.0,0.0,SHADOW_ONLY
2018-05-28,FX_EURUSD,momentum[lookback=21],0.0,0.0,0.0,SHADOW_ONLY
2018-05-29,FX_EURUSD,momentum[lookback=21],0.0,0.0,-0.0,SHADOW_ONLY
2018-05-30,FX_EURUSD,momentum[lookback=21],0.0,0.0,0.0,SHADOW_ONLY
2018-05-31,FX_EURUSD,momentum[lookback=21],1.0,0.0,-0.0006798186569723728,SHADOW_ONLY
2018-06-01,FX_EURUSD,momentum[lookback=21],1.0,1.0,0.004068660343615971,SHADOW_ONLY
2018-06-04,FX_EURUSD,momentum[lookback=21],1.0,1.0,0.00870453384823544,SHADOW_ONLY
2018-06-05,FX_EURUSD,momentum[lookback=21],1.0,1.0,-0.014040412099108779,SHADOW_ONLY
2018-06-06,FX_EURUSD,momentum[lookback=21],0.0,1.0,-0.0004861351475666648,SHADOW_ONLY
2018-06-07,FX_EURUSD,momentum[lookback=21],1.0,0.0,-0.0006531960051361657,SHADOW_ONLY
2018-06-08,FX_EURUSD,momentum[lookback=21],0.0,1.0,-0.0031476127010087087,SHADOW_ONLY
2018-06-11,FX_EURUSD,momentum[lookback=21],0.0,0.0,0.0,SHADOW_ONLY
2018-06-12,FX_EURUSD,momentum[lookback=21],0.0,0.0,0.0,SHADOW_ONLY
2018-06-13,FX_EURUSD,momentum[lookback=21],0.0,0.0,-0.0,SHADOW_ONLY
2018-06-14,FX_EURUSD,momentum[lookback=21],0.0,0.0,-0.0,SHADOW_ONLY
2018-06-15,FX_EURUSD,momentum[lookback=21],0.0,0.0,-0.0,SHADOW_ONLY
2018-06-18,FX_EURUSD,momentum[lookback=21],0.0,0.0,-0.0,SHADOW_ONLY
2018-06-19,FX_EURUSD,momentum[lookback=21],0.0,0.0,0.0,SHADOW_ONLY
2018-06-20,FX_EURUSD,momentum[lookback=21],0.0,0.0,-0.0,SHADOW_ONLY
2018-06-21,FX_EURUSD,momentum[lookback=21],0.0,0.0,-0.0,SHADOW_ONLY
2018-06-22,FX_EURUSD,momentum[lookback=21],0.0,0.0,-0.0,SHADOW_ONLY
2018-06-25,FX_EURUSD,momentum[lookback=21],0.0,0.0,-0.0,SHADOW_ONLY
2018-06-26,FX_EURUSD,momentum[lookback=21],0.0,0.0,0.0,SHADOW_ONLY
2018-06-27,FX_EURUSD,momentum[lookback=21],0.0,0.0,-0.0,SHADOW_ONLY
2018-06-28,FX_EURUSD,momentum[lookback=21],0.0,0.0,-0.0,SHADOW_ONLY
2018-06-29,FX_EURUSD,momentum[lookback=21],0.0,0.0,-0.0,SHADOW_ONLY
2018-07-02,FX_EURUSD,momentum[lookback=21],0.0,0.0,-0.0,SHADOW_ONLY
2018-07-03,FX_EURUSD,momentum[lookback=21],0.0,0.0,-0.0,SHADOW_ONLY
2018-07-04,FX_EURUSD,momentum[lookback=21],0.0,0.0,0.0,SHADOW_ONLY
2018-07-05,FX_EURUSD,momentum[lookback=21],0.0,0.0,-0.0,SHADOW_ONLY
2018-07-06,FX_EURUSD,momentum[lookback=21],0.0,0.0,-0.0,SHADOW_ONLY
2018-07-09,FX_EURUSD,momentum[lookback=21],0.0,0.0,-0.0,SHADOW_ONLY
2018-07-10,FX_EURUSD,momentum[lookback=21],0.0,0.0,-0.0,SHADOW_ONLY
2018-07-11,FX_EURUSD,momentum[lookback=21],0.0,0.0,-0.0,SHADOW_ONLY
2018-07-12,FX_EURUSD,momentum[lookback=21],0.0,0.0,-0.0,SHADOW_ONLY
2018-07-13,FX_EURUSD,momentum[lookback=21],0.0,0.0,-0.0,SHADOW_ONLY
2018-07-16,FX_EURUSD,momentum[lookback=21],0.0,0.0,0.0,SHADOW_ONLY
2018-07-17,FX_EURUSD,momentum[lookback=21],0.0,0.0,-0.0,SHADOW_ONLY
2018-07-18,FX_EURUSD,momentum[lookback=21],0.0,0.0,-0.0,SHADOW_ONLY
2018-07-19,FX_EURUSD,momentum[lookback=21],0.0,0.0,-0.0,SHADOW_ONLY
2018-07-20,FX_EURUSD,momentum[lookback=21],0.0,0.0,0.0,SHADOW_ONLY
2018-07-23,FX_EURUSD,momentum[lookback=21],0.0,0.0,0.0,SHADOW_ONLY
2018-07-24,FX_EURUSD,momentum[lookback=21],0.0,0.0,0.0,SHADOW_ONLY
2018-07-25,FX_EURUSD,momentum[lookback=21],0.0,0.0,-0.0,SHADOW_ONLY
2018-07-26,FX_EURUSD,momentum[lookback=21],0.0,0.0,-0.0,SHADOW_ONLY
2018-07-27,FX_EURUSD,momentum[lookback=21],0.0,0.0,0.0,SHADOW_ONLY
2018-07-30,FX_EURUSD,momentum[lookback=21],0.0,0.0,-0.0,SHADOW_ONLY
2018-07-31,FX_EURUSD,momentum[lookback=21],0.0,0.0,-0.0,SHADOW_ONLY
2018-08-01,FX_EURUSD,momentum[lookback=21],0.0,0.0,0.0,SHADOW_ONLY
2018-08-02,FX_EURUSD,momentum[lookback=21],0.0,0.0,-0.0,SHADOW_ONLY
2018-08-03,FX_EURUSD,momentum[lookback=21],0.0,0.0,-0.0,SHADOW_ONLY
2018-08-06,FX_EURUSD,momentum[lookback=21],0.0,0.0,-0.0,SHADOW_ONLY
2018-08-07,FX_EURUSD,momentum[lookback=21],0.0,0.0,-0.0,SHADOW_ONLY
2018-08-08,FX_EURUSD,momentum[lookback=21],0.0,0.0,-0.0,SHADOW_ONLY
2018-08-09,FX_EURUSD,momentum[lookback=21],0.0,0.0,-0.0,SHADOW_ONLY
2018-08-10,FX_EURUSD,momentum[lookback=21],0.0,0.0,0.0,SHADOW_ONLY
2018-08-13,FX_EURUSD,momentum[lookback=21],0.0,0.0,-0.0,SHADOW_ONLY
2018-08-14,FX_EURUSD,momentum[lookback=21],0.0,0.0,-0.0,SHADOW_ONLY
2018-08-15,FX_EURUSD,momentum[lookback=21],0.0,0.0,-0.0,SHADOW_ONLY
2018-08-16,FX_EURUSD,momentum[lookback=21],0.0,0.0,-0.0,SHADOW_ONLY
2018-08-17,FX_EURUSD,momentum[lookback=21],0.0,0.0,-0.0,SHADOW_ONLY
2018-08-20,FX_EURUSD,momentum[lookback=21],0.0,0.0,-0.0,SHADOW_ONLY
2018-08-21,FX_EURUSD,momentum[lookback=21],0.0,0.0,-0.0,SHADOW_ONLY
2018-08-22,FX_EURUSD,momentum[lookback=21],0.0,0.0,-0.0,SHADOW_ONLY
2018-08-23,FX_EURUSD,momentum[lookback=21],0.0,0.0,-0.0,SHADOW_ONLY
2018-08-24,FX_EURUSD,momentum[lookback=21],0.0,0.0,0.0,SHADOW_ONLY
2018-08-27,FX_EURUSD,momentum[lookback=21],0.0,0.0,0.0,SHADOW_ONLY
2018-08-28,FX_EURUSD,momentum[lookback=21],0.0,0.0,0.0,SHADOW_ONLY
2018-08-29,FX_EURUSD,momentum[lookback=21],0.0,0.0,-0.0,SHADOW_ONLY
2018-08-30,FX_EURUSD,momentum[lookback=21],0.0,0.0,-0.0,SHADOW_ONLY
2018-08-31,FX_EURUSD,momentum[lookback=21],0.0,0.0,-0.0,SHADOW_ONLY
2018-09-03,FX_EURUSD,momentum[lookback=21],0.0,0.0,-0.0,SHADOW_ONLY
2018-09-04,FX_EURUSD,momentum[lookback=21],0.0,0.0,-0.0,SHADOW_ONLY
2018-09-05,FX_EURUSD,momentum[lookback=21],0.0,0.0,-0.0,SHADOW_ONLY
2018-09-06,FX_EURUSD,momentum[lookback=21],0.0,0.0,-0.0,SHADOW_ONLY
2018-09-07,FX_EURUSD,momentum[lookback=21],0.0,0.0,-0.0,SHADOW_ONLY
2018-09-10,FX_EURUSD,momentum[lookback=21],0.0,0.0,0.0,SHADOW_ONLY
2018-09-11,FX_EURUSD,momentum[lookback=21],0.0,0.0,0.0,SHADOW_ONLY
2018-09-12,FX_EURUSD,momentum[lookback=21],0.0,0.0,0.0,SHADOW_ONLY
2018-09-13,FX_EURUSD,momentum[lookback=21],0.0,0.0,-0.0,SHADOW_ONLY
2018-09-14,FX_EURUSD,momentum[lookback=21],0.0,0.0,0.0,SHADOW_ONLY
2018-09-17,FX_EURUSD,momentum[lookback=21],0.0,0.0,-0.0,SHADOW_ONLY
2018-09-18,FX_EURUSD,momentum[lookback=21],0.0,0.0,0.0,SHADOW_ONLY
2018-09-19,FX_EURUSD,momentum[lookback=21],0.0,0.0,-0.0,SHADOW_ONLY
2018-09-20,FX_EURUSD,momentum[lookback=21],0.0,0.0,-0.0,SHADOW_ONLY
2018-09-21,FX_EURUSD,momentum[lookback=21],0.0,0.0,-0.0,SHADOW_ONLY
2018-09-24,FX_EURUSD,momentum[lookback=21],0.0,0.0,0.0,SHADOW_ONLY
2018-09-25,FX_EURUSD,momentum[lookback=21],0.0,0.0,0.0,SHADOW_ONLY
2018-09-26,FX_EURUSD,momentum[lookback=21],0.0,0.0,0.0,SHADOW_ONLY
2018-09-27,FX_EURUSD,momentum[lookback=21],0.0,0.0,-0.0,SHADOW_ONLY
2018-09-28,FX_EURUSD,momentum[lookback=21],0.0,0.0,-0.0,SHADOW_ONLY
2018-10-01,FX_EURUSD,momentum[lookback=21],0.0,0.0,-0.0,SHADOW_ONLY
2018-10-02,FX_EURUSD,momentum[lookback=21],0.0,0.0,-0.0,SHADOW_ONLY
2018-10-03,FX_EURUSD,momentum[lookback=21],0.0,0.0,0.0,SHADOW_ONLY
2018-10-04,FX_EURUSD,momentum[lookback=21],0.0,0.0,-0.0,SHADOW_ONLY
2018-10-05,FX_EURUSD,momentum[lookback=21],0.0,0.0,0.0,SHADOW_ONLY
2018-10-08,FX_EURUSD,momentum[lookback=21],0.0,0.0,-0.0,SHADOW_ONLY
2018-10-09,FX_EURUSD,momentum[lookback=21],0.0,0.0,-0.0,SHADOW_ONLY
2018-10-10,FX_EURUSD,momentum[lookback=21],0.0,0.0,0.0,SHADOW_ONLY
2018-10-11,FX_EURUSD,momentum[lookback=21],1.0,0.0,-0.0006579235339872221,SHADOW_ONLY
2018-10-12,FX_EURUSD,momentum[lookback=21],0.0,1.0,0.007193230675946342,SHADOW_ONLY
2018-10-15,FX_EURUSD,momentum[lookback=21],1.0,0.0,-0.0006648970837164177,SHADOW_ONLY
2018-10-16,FX_EURUSD,momentum[lookback=21],1.0,1.0,-0.003801856331941522,SHADOW_ONLY
2018-10-17,FX_EURUSD,momentum[lookback=21],1.0,1.0,0.0024916625941389103,SHADOW_ONLY
2018-10-18,FX_EURUSD,momentum[lookback=21],1.0,1.0,-0.0034987941977315806,SHADOW_ONLY
2018-10-19,FX_EURUSD,momentum[lookback=21],1.0,1.0,0.006496727568424676,SHADOW_ONLY
2018-10-22,FX_EURUSD,momentum[lookback=21],1.0,1.0,0.0031348082779323327,SHADOW_ONLY
2018-10-23,FX_EURUSD,momentum[lookback=21],1.0,1.0,0.0034791810997976125,SHADOW_ONLY
2018-10-24,FX_EURUSD,momentum[lookback=21],1.0,1.0,-0.0021002966219766384,SHADOW_ONLY
2018-10-25,FX_EURUSD,momentum[lookback=21],1.0,1.0,0.0024639340691223754,SHADOW_ONLY
2018-10-26,FX_EURUSD,momentum[lookback=21],1.0,1.0,-0.0002693153737429732,SHADOW_ONLY
2018-10-29,FX_EURUSD,momentum[lookback=21],1.0,1.0,0.002117907512169559,SHADOW_ONLY
2018-10-30,FX_EURUSD,momentum[lookback=21],1.0,1.0,-0.0044924887918786904,SHADOW_ONLY
2018-10-31,FX_EURUSD,momentum[lookback=21],1.0,1.0,0.0023183583567816246,SHADOW_ONLY
2018-11-01,FX_EURUSD,momentum[lookback=21],1.0,1.0,-0.006662134098582739,SHADOW_ONLY
2017-11-17,CO_GOLD,momentum[lookback=21],0.0,0.0,0.0,SHADOW_ONLY
2017-11-20,CO_GOLD,momentum[lookback=21],0.0,0.0,-0.0,SHADOW_ONLY
2017-11-21,CO_GOLD,momentum[lookback=21],0.0,0.0,-0.0,SHADOW_ONLY
2017-11-22,CO_GOLD,momentum[lookback=21],0.0,0.0,0.0,SHADOW_ONLY
2017-11-23,CO_GOLD,momentum[lookback=21],0.0,0.0,0.0,SHADOW_ONLY
2017-11-24,CO_GOLD,momentum[lookback=21],0.0,0.0,0.0,SHADOW_ONLY
2017-11-27,CO_GOLD,momentum[lookback=21],0.0,0.0,-0.0,SHADOW_ONLY
2017-11-28,CO_GOLD,momentum[lookback=21],0.0,0.0,0.0,SHADOW_ONLY
2017-11-29,CO_GOLD,momentum[lookback=21],0.0,0.0,0.0,SHADOW_ONLY
2017-11-30,CO_GOLD,momentum[lookback=21],0.0,0.0,-0.0,SHADOW_ONLY
2017-12-01,CO_GOLD,momentum[lookback=21],0.0,0.0,0.0,SHADOW_ONLY
2017-12-04,CO_GOLD,momentum[lookback=21],0.0,0.0,0.0,SHADOW_ONLY
2017-12-05,CO_GOLD,momentum[lookback=21],0.0,0.0,-0.0,SHADOW_ONLY
2017-12-06,CO_GOLD,momentum[lookback=21],0.0,0.0,-0.0,SHADOW_ONLY
2017-12-07,CO_GOLD,momentum[lookback=21],0.0,0.0,-0.0,SHADOW_ONLY
2017-12-08,CO_GOLD,momentum[lookback=21],0.0,0.0,-0.0,SHADOW_ONLY
2017-12-11,CO_GOLD,momentum[lookback=21],0.0,0.0,-0.0,SHADOW_ONLY
2017-12-12,CO_GOLD,momentum[lookback=21],0.0,0.0,-0.0,SHADOW_ONLY
2017-12-13,CO_GOLD,momentum[lookback=21],0.0,0.0,0.0,SHADOW_ONLY
2017-12-14,CO_GOLD,momentum[lookback=21],0.0,0.0,0.0,SHADOW_ONLY
2017-12-15,CO_GOLD,momentum[lookback=21],0.0,0.0,0.0,SHADOW_ONLY
2017-12-18,CO_GOLD,momentum[lookback=21],1.0,0.0,-0.0009495148247477139,SHADOW_ONLY
2017-12-19,CO_GOLD,momentum[lookback=21],0.0,1.0,-0.009802104930405486,SHADOW_ONLY
2017-12-20,CO_GOLD,momentum[lookback=21],0.0,0.0,-0.0,SHADOW_ONLY
2017-12-21,CO_GOLD,momentum[lookback=21],0.0,0.0,0.0,SHADOW_ONLY
2017-12-22,CO_GOLD,momentum[lookback=21],0.0,0.0,0.0,SHADOW_ONLY
2017-12-25,CO_GOLD,momentum[lookback=21],0.0,0.0,-0.0,SHADOW_ONLY
2017-12-26,CO_GOLD,momentum[lookback=21],0.0,0.0,0.0,SHADOW_ONLY
2017-12-27,CO_GOLD,momentum[lookback=21],0.0,0.0,0.0,SHADOW_ONLY
2017-12-28,CO_GOLD,momentum[lookback=21],1.0,0.0,-0.001015879767687061,SHADOW_ONLY
2017-12-29,CO_GOLD,momentum[lookback=21],1.0,1.0,-6.159779760173123e-05,SHADOW_ONLY
2018-01-01,CO_GOLD,momentum[lookback=21],1.0,1.0,-0.006627477575310348,SHADOW_ONLY
2018-01-02,CO_GOLD,momentum[lookback=21],1.0,1.0,0.005945703194837559,SHADOW_ONLY
2018-01-03,CO_GOLD,momentum[lookback=21],1.0,1.0,-4.41285328823815e-05,SHADOW_ONLY
2018-01-04,CO_GOLD,momentum[lookback=21],1.0,1.0,-0.004388326957709743,SHADOW_ONLY
2018-01-05,CO_GOLD,momentum[lookback=21],1.0,1.0,-0.006708276542096936,SHADOW_ONLY
2018-01-08,CO_GOLD,momentum[lookback=21],1.0,1.0,0.008937228764285932,SHADOW_ONLY
2018-01-09,CO_GOLD,momentum[lookback=21],1.0,1.0,0.003260144652635244,SHADOW_ONLY
2018-01-10,CO_GOLD,momentum[lookback=21],1.0,1.0,0.0024960137058451792,SHADOW_ONLY
2018-01-11,CO_GOLD,momentum[lookback=21],1.0,1.0,-0.003083036109063464,SHADOW_ONLY
2018-01-12,CO_GOLD,momentum[lookback=21],1.0,1.0,-0.0001481366328108802,SHADOW_ONLY
2018-01-15,CO_GOLD,momentum[lookback=21],1.0,1.0,-0.00046494950412723224,SHADOW_ONLY
2018-01-16,CO_GOLD,momentum[lookback=21],1.0,1.0,-0.027673240664202514,SHADOW_ONLY
2018-01-17,CO_GOLD,momentum[lookback=21],1.0,1.0,0.0016100274005699244,SHADOW_ONLY
2018-01-18,CO_GOLD,momentum[lookback=21],1.0,1.0,0.002873102037245001,SHADOW_ONLY
2018-01-19,CO_GOLD,momentum[lookback=21],1.0,1.0,-0.007440634454422335,SHADOW_ONLY
2018-01-22,CO_GOLD,momentum[lookback=21],1.0,1.0,-0.0004223990488120277,SHADOW_ONLY
2018-01-23,CO_GOLD,momentum[lookback=21],1.0,1.0,-0.010977814781878426,SHADOW_ONLY
2018-01-24,CO_GOLD,momentum[lookback=21],0.0,1.0,-0.010662351011918342,SHADOW_ONLY
2018-01-25,CO_GOLD,momentum[lookback=21],0.0,0.0,-0.0,SHADOW_ONLY
2018-01-26,CO_GOLD,momentum[lookback=21],0.0,0.0,0.0,SHADOW_ONLY
2018-01-29,CO_GOLD,momentum[lookback=21],0.0,0.0,0.0,SHADOW_ONLY
2018-01-30,CO_GOLD,momentum[lookback=21],0.0,0.0,-0.0,SHADOW_ONLY
2018-01-31,CO_GOLD,momentum[lookback=21],0.0,0.0,-0.0,SHADOW_ONLY
2018-02-01,CO_GOLD,momentum[lookback=21],0.0,0.0,-0.0,SHADOW_ONLY
2018-02-02,CO_GOLD,momentum[lookback=21],0.0,0.0,-0.0,SHADOW_ONLY
2018-02-05,CO_GOLD,momentum[lookback=21],0.0,0.0,0.0,SHADOW_ONLY
2018-02-06,CO_GOLD,momentum[lookback=21],0.0,0.0,-0.0,SHADOW_ONLY
2018-02-07,CO_GOLD,momentum[lookback=21],0.0,0.0,-0.0,SHADOW_ONLY
2018-02-08,CO_GOLD,momentum[lookback=21],0.0,0.0,0.0,SHADOW_ONLY
2018-02-09,CO_GOLD,momentum[lookback=21],0.0,0.0,0.0,SHADOW_ONLY
2018-02-12,CO_GOLD,momentum[lookback=21],0.0,0.0,-0.0,SHADOW_ONLY
2018-02-13,CO_GOLD,momentum[lookback=21],0.0,0.0,0.0,SHADOW_ONLY
2018-02-14,CO_GOLD,momentum[lookback=21],0.0,0.0,0.0,SHADOW_ONLY
2018-02-15,CO_GOLD,momentum[lookback=21],0.0,0.0,-0.0,SHADOW_ONLY
2018-02-16,CO_GOLD,momentum[lookback=21],0.0,0.0,-0.0,SHADOW_ONLY
2018-02-19,CO_GOLD,momentum[lookback=21],0.0,0.0,-0.0,SHADOW_ONLY
2018-02-20,CO_GOLD,momentum[lookback=21],0.0,0.0,-0.0,SHADOW_ONLY
2018-02-21,CO_GOLD,momentum[lookback=21],0.0,0.0,-0.0,SHADOW_ONLY
2018-02-22,CO_GOLD,momentum[lookback=21],0.0,0.0,0.0,SHADOW_ONLY
2018-02-23,CO_GOLD,momentum[lookback=21],0.0,0.0,0.0,SHADOW_ONLY
2018-02-26,CO_GOLD,momentum[lookback=21],0.0,0.0,0.0,SHADOW_ONLY
2018-02-27,CO_GOLD,momentum[lookback=21],0.0,0.0,0.0,SHADOW_ONLY
2018-02-28,CO_GOLD,momentum[lookback=21],0.0,0.0,-0.0,SHADOW_ONLY
2018-03-01,CO_GOLD,momentum[lookback=21],0.0,0.0,-0.0,SHADOW_ONLY
2018-03-02,CO_GOLD,momentum[lookback=21],0.0,0.0,-0.0,SHADOW_ONLY
2018-03-05,CO_GOLD,momentum[lookback=21],0.0,0.0,0.0,SHADOW_ONLY
2018-03-06,CO_GOLD,momentum[lookback=21],0.0,0.0,0.0,SHADOW_ONLY
2018-03-07,CO_GOLD,momentum[lookback=21],0.0,0.0,0.0,SHADOW_ONLY
2018-03-08,CO_GOLD,momentum[lookback=21],0.0,0.0,-0.0,SHADOW_ONLY
2018-03-09,CO_GOLD,momentum[lookback=21],0.0,0.0,-0.0,SHADOW_ONLY
2018-03-12,CO_GOLD,momentum[lookback=21],0.0,0.0,-0.0,SHADOW_ONLY
2018-03-13,CO_GOLD,momentum[lookback=21],0.0,0.0,-0.0,SHADOW_ONLY
2018-03-14,CO_GOLD,momentum[lookback=21],0.0,0.0,-0.0,SHADOW_ONLY
2018-03-15,CO_GOLD,momentum[lookback=21],0.0,0.0,0.0,SHADOW_ONLY
2018-03-16,CO_GOLD,momentum[lookback=21],0.0,0.0,0.0,SHADOW_ONLY
2018-03-19,CO_GOLD,momentum[lookback=21],0.0,0.0,0.0,SHADOW_ONLY
2018-03-20,CO_GOLD,momentum[lookback=21],0.0,0.0,-0.0,SHADOW_ONLY
2018-03-21,CO_GOLD,momentum[lookback=21],0.0,0.0,-0.0,SHADOW_ONLY
2018-03-22,CO_GOLD,momentum[lookback=21],0.0,0.0,-0.0,SHADOW_ONLY
2018-03-23,CO_GOLD,momentum[lookback=21],0.0,0.0,-0.0,SHADOW_ONLY
2018-03-26,CO_GOLD,momentum[lookback=21],0.0,0.0,-0.0,SHADOW_ONLY
2018-03-27,CO_GOLD,momentum[lookback=21],0.0,0.0,-0.0,SHADOW_ONLY
2018-03-28,CO_GOLD,momentum[lookback=21],0.0,0.0,0.0,SHADOW_ONLY
2018-03-29,CO_GOLD,momentum[lookback=21],0.0,0.0,-0.0,SHADOW_ONLY
2018-03-30,CO_GOLD,momentum[lookback=21],0.0,0.0,-0.0,SHADOW_ONLY
2018-04-02,CO_GOLD,momentum[lookback=21],0.0,0.0,0.0,SHADOW_ONLY
2018-04-03,CO_GOLD,momentum[lookback=21],0.0,0.0,-0.0,SHADOW_ONLY
2018-04-04,CO_GOLD,momentum[lookback=21],0.0,0.0,-0.0,SHADOW_ONLY
2018-04-05,CO_GOLD,momentum[lookback=21],0.0,0.0,0.0,SHADOW_ONLY
2018-04-06,CO_GOLD,momentum[lookback=21],0.0,0.0,-0.0,SHADOW_ONLY
2018-04-09,CO_GOLD,momentum[lookback=21],0.0,0.0,-0.0,SHADOW_ONLY
2018-04-10,CO_GOLD,momentum[lookback=21],0.0,0.0,-0.0,SHADOW_ONLY
2018-04-11,CO_GOLD,momentum[lookback=21],0.0,0.0,-0.0,SHADOW_ONLY
2018-04-12,CO_GOLD,momentum[lookback=21],0.0,0.0,0.0,SHADOW_ONLY
2018-04-13,CO_GOLD,momentum[lookback=21],0.0,0.0,-0.0,SHADOW_ONLY
2018-04-16,CO_GOLD,momentum[lookback=21],0.0,0.0,-0.0,SHADOW_ONLY
2018-04-17,CO_GOLD,momentum[lookback=21],0.0,0.0,-0.0,SHADOW_ONLY
2018-04-18,CO_GOLD,momentum[lookback=21],0.0,0.0,-0.0,SHADOW_ONLY
2018-04-19,CO_GOLD,momentum[lookback=21],0.0,0.0,0.0,SHADOW_ONLY
2018-04-20,CO_GOLD,momentum[lookback=21],0.0,0.0,0.0,SHADOW_ONLY
2018-04-23,CO_GOLD,momentum[lookback=21],0.0,0.0,0.0,SHADOW_ONLY
2018-04-24,CO_GOLD,momentum[lookback=21],0.0,0.0,0.0,SHADOW_ONLY
2018-04-25,CO_GOLD,momentum[lookback=21],0.0,0.0,-0.0,SHADOW_ONLY
2018-04-26,CO_GOLD,momentum[lookback=21],0.0,0.0,-0.0,SHADOW_ONLY
2018-04-27,CO_GOLD,momentum[lookback=21],0.0,0.0,-0.0,SHADOW_ONLY
2018-04-30,CO_GOLD,momentum[lookback=21],0.0,0.0,0.0,SHADOW_ONLY
2018-05-01,CO_GOLD,momentum[lookback=21],0.0,0.0,-0.0,SHADOW_ONLY
2018-05-02,CO_GOLD,momentum[lookback=21],0.0,0.0,0.0,SHADOW_ONLY
2018-05-03,CO_GOLD,momentum[lookback=21],0.0,0.0,-0.0,SHADOW_ONLY
2018-05-04,CO_GOLD,momentum[lookback=21],0.0,0.0,-0.0,SHADOW_ONLY
2018-05-07,CO_GOLD,momentum[lookback=21],0.0,0.0,-0.0,SHADOW_ONLY
2018-05-08,CO_GOLD,momentum[lookback=21],0.0,0.0,-0.0,SHADOW_ONLY
2018-05-09,CO_GOLD,momentum[lookback=21],0.0,0.0,-0.0,SHADOW_ONLY
2018-05-10,CO_GOLD,momentum[lookback=21],0.0,0.0,-0.0,SHADOW_ONLY
2018-05-11,CO_GOLD,momentum[lookback=21],0.0,0.0,0.0,SHADOW_ONLY
2018-05-14,CO_GOLD,momentum[lookback=21],0.0,0.0,0.0,SHADOW_ONLY
2018-05-15,CO_GOLD,momentum[lookback=21],0.0,0.0,-0.0,SHADOW_ONLY
2018-05-16,CO_GOLD,momentum[lookback=21],0.0,0.0,-0.0,SHADOW_ONLY
2018-05-17,CO_GOLD,momentum[lookback=21],0.0,0.0,0.0,SHADOW_ONLY
2018-05-18,CO_GOLD,momentum[lookback=21],0.0,0.0,-0.0,SHADOW_ONLY
2018-05-21,CO_GOLD,momentum[lookback=21],0.0,0.0,-0.0,SHADOW_ONLY
2018-05-22,CO_GOLD,momentum[lookback=21],0.0,0.0,-0.0,SHADOW_ONLY
2018-05-23,CO_GOLD,momentum[lookback=21],0.0,0.0,-0.0,SHADOW_ONLY
2018-05-24,CO_GOLD,momentum[lookback=21],0.0,0.0,0.0,SHADOW_ONLY
2018-05-25,CO_GOLD,momentum[lookback=21],0.0,0.0,0.0,SHADOW_ONLY
2018-05-28,CO_GOLD,momentum[lookback=21],0.0,0.0,-0.0,SHADOW_ONLY
2018-05-29,CO_GOLD,momentum[lookback=21],0.0,0.0,0.0,SHADOW_ONLY
2018-05-30,CO_GOLD,momentum[lookback=21],0.0,0.0,0.0,SHADOW_ONLY
2018-05-31,CO_GOLD,momentum[lookback=21],0.0,0.0,0.0,SHADOW_ONLY
2018-06-01,CO_GOLD,momentum[lookback=21],0.0,0.0,0.0,SHADOW_ONLY
2018-06-04,CO_GOLD,momentum[lookback=21],0.0,0.0,-0.0,SHADOW_ONLY
2018-06-05,CO_GOLD,momentum[lookback=21],0.0,0.0,-0.0,SHADOW_ONLY
2018-06-06,CO_GOLD,momentum[lookback=21],0.0,0.0,-0.0,SHADOW_ONLY
2018-06-07,CO_GOLD,momentum[lookback=21],0.0,0.0,0.0,SHADOW_ONLY
2018-06-08,CO_GOLD,momentum[lookback=21],1.0,0.0,-0.0010921784648601194,SHADOW_ONLY
2018-06-11,CO_GOLD,momentum[lookback=21],1.0,1.0,-0.0017139676684948535,SHADOW_ONLY
2018-06-12,CO_GOLD,momentum[lookback=21],0.0,1.0,0.015553708147837813,SHADOW_ONLY
2018-06-13,CO_GOLD,momentum[lookback=21],1.0,0.0,-0.0010843333438156552,SHADOW_ONLY
2018-06-14,CO_GOLD,momentum[lookback=21],0.0,1.0,-0.00532859028225062,SHADOW_ONLY
2018-06-15,CO_GOLD,momentum[lookback=21],0.0,0.0,-0.0,SHADOW_ONLY
2018-06-18,CO_GOLD,momentum[lookback=21],0.0,0.0,0.0,SHADOW_ONLY
2018-06-19,CO_GOLD,momentum[lookback=21],0.0,0.0,0.0,SHADOW_ONLY
2018-06-20,CO_GOLD,momentum[lookback=21],0.0,0.0,-0.0,SHADOW_ONLY
2018-06-21,CO_GOLD,momentum[lookback=21],0.0,0.0,-0.0,SHADOW_ONLY
2018-06-22,CO_GOLD,momentum[lookback=21],0.0,0.0,0.0,SHADOW_ONLY
2018-06-25,CO_GOLD,momentum[lookback=21],0.0,0.0,-0.0,SHADOW_ONLY
2018-06-26,CO_GOLD,momentum[lookback=21],0.0,0.0,0.0,SHADOW_ONLY
2018-06-27,CO_GOLD,momentum[lookback=21],0.0,0.0,-0.0,SHADOW_ONLY
2018-06-28,CO_GOLD,momentum[lookback=21],0.0,0.0,0.0,SHADOW_ONLY
2018-06-29,CO_GOLD,momentum[lookback=21],0.0,0.0,0.0,SHADOW_ONLY
2018-07-02,CO_GOLD,momentum[lookback=21],0.0,0.0,-0.0,SHADOW_ONLY
2018-07-03,CO_GOLD,momentum[lookback=21],0.0,0.0,0.0,SHADOW_ONLY
2018-07-04,CO_GOLD,momentum[lookback=21],0.0,0.0,-0.0,SHADOW_ONLY
2018-07-05,CO_GOLD,momentum[lookback=21],0.0,0.0,0.0,SHADOW_ONLY
2018-07-06,CO_GOLD,momentum[lookback=21],0.0,0.0,-0.0,SHADOW_ONLY
2018-07-09,CO_GOLD,momentum[lookback=21],0.0,0.0,0.0,SHADOW_ONLY
2018-07-10,CO_GOLD,momentum[lookback=21],0.0,0.0,0.0,SHADOW_ONLY
2018-07-11,CO_GOLD,momentum[lookback=21],0.0,0.0,0.0,SHADOW_ONLY
2018-07-12,CO_GOLD,momentum[lookback=21],0.0,0.0,-0.0,SHADOW_ONLY
2018-07-13,CO_GOLD,momentum[lookback=21],0.0,0.0,0.0,SHADOW_ONLY
2018-07-16,CO_GOLD,momentum[lookback=21],1.0,0.0,-0.000896635049445672,SHADOW_ONLY
2018-07-17,CO_GOLD,momentum[lookback=21],1.0,1.0,-0.0004186706504980542,SHADOW_ONLY
2018-07-18,CO_GOLD,momentum[lookback=21],1.0,1.0,0.00406377440241279,SHADOW_ONLY
2018-07-19,CO_GOLD,momentum[lookback=21],1.0,1.0,0.007190607209705657,SHADOW_ONLY
2018-07-20,CO_GOLD,momentum[lookback=21],1.0,1.0,-0.0033498944569395617,SHADOW_ONLY
2018-07-23,CO_GOLD,momentum[lookback=21],1.0,1.0,-0.004040782767215645,SHADOW_ONLY
2018-07-24,CO_GOLD,momentum[lookback=21],1.0,1.0,-0.010683853128138687,SHADOW_ONLY
2018-07-25,CO_GOLD,momentum[lookback=21],1.0,1.0,0.01796696424655564,SHADOW_ONLY
2018-07-26,CO_GOLD,momentum[lookback=21],1.0,1.0,-0.004999128732087743,SHADOW_ONLY
2018-07-27,CO_GOLD,momentum[lookback=21],1.0,1.0,0.02846322625133113,SHADOW_ONLY
2018-07-30,CO_GOLD,momentum[lookback=21],1.0,1.0,-0.0023658736360480104,SHADOW_ONLY
2018-07-31,CO_GOLD,momentum[lookback=21],1.0,1.0,0.00392101981693882,SHADOW_ONLY
2018-08-01,CO_GOLD,momentum[lookback=21],1.0,1.0,-0.00798446734898195,SHADOW_ONLY
2018-08-02,CO_GOLD,momentum[lookback=21],1.0,1.0,-0.003384588684379297,SHADOW_ONLY
2018-08-03,CO_GOLD,momentum[lookback=21],1.0,1.0,-6.600834414172141e-06,SHADOW_ONLY
2018-08-06,CO_GOLD,momentum[lookback=21],1.0,1.0,-0.0007599626637644352,SHADOW_ONLY
2018-08-07,CO_GOLD,momentum[lookback=21],1.0,1.0,-0.004118070826398368,SHADOW_ONLY
2018-08-08,CO_GOLD,momentum[lookback=21],1.0,1.0,-0.005220170208254049,SHADOW_ONLY
2018-08-09,CO_GOLD,momentum[lookback=21],1.0,1.0,-0.0016571442213249021,SHADOW_ONLY
2018-08-10,CO_GOLD,momentum[lookback=21],1.0,1.0,-0.003659495625693787,SHADOW_ONLY
2018-08-13,CO_GOLD,momentum[lookback=21],1.0,1.0,0.006042189162899669,SHADOW_ONLY
2018-08-14,CO_GOLD,momentum[lookback=21],1.0,1.0,0.002847987179396272,SHADOW_ONLY
2018-08-15,CO_GOLD,momentum[lookback=21],1.0,1.0,-0.012665819462111982,SHADOW_ONLY
2018-08-16,CO_GOLD,momentum[lookback=21],1.0,1.0,-0.0032150212228335695,SHADOW_ONLY
2018-08-17,CO_GOLD,momentum[lookback=21],0.0,1.0,-8.148501808544326e-05,SHADOW_ONLY
2018-08-20,CO_GOLD,momentum[lookback=21],0.0,0.0,0.0,SHADOW_ONLY
2018-08-21,CO_GOLD,momentum[lookback=21],0.0,0.0,-0.0,SHADOW_ONLY
2018-08-22,CO_GOLD,momentum[lookback=21],0.0,0.0,0.0,SHADOW_ONLY
2018-08-23,CO_GOLD,momentum[lookback=21],1.0,0.0,-0.0008941057486860259,SHADOW_ONLY
2018-08-24,CO_GOLD,momentum[lookback=21],0.0,1.0,-0.000675898183048687,SHADOW_ONLY
2018-08-27,CO_GOLD,momentum[lookback=21],0.0,0.0,-0.0,SHADOW_ONLY
2018-08-28,CO_GOLD,momentum[lookback=21],0.0,0.0,-0.0,SHADOW_ONLY
2018-08-29,CO_GOLD,momentum[lookback=21],0.0,0.0,0.0,SHADOW_ONLY
2018-08-30,CO_GOLD,momentum[lookback=21],0.0,0.0,0.0,SHADOW_ONLY
2018-08-31,CO_GOLD,momentum[lookback=21],0.0,0.0,0.0,SHADOW_ONLY
2018-09-03,CO_GOLD,momentum[lookback=21],0.0,0.0,0.0,SHADOW_ONLY
2018-09-04,CO_GOLD,momentum[lookback=21],0.0,0.0,-0.0,SHADOW_ONLY
2018-09-05,CO_GOLD,momentum[lookback=21],0.0,0.0,-0.0,SHADOW_ONLY
2018-09-06,CO_GOLD,momentum[lookback=21],0.0,0.0,-0.0,SHADOW_ONLY
2018-09-07,CO_GOLD,momentum[lookback=21],0.0,0.0,0.0,SHADOW_ONLY
2018-09-10,CO_GOLD,momentum[lookback=21],0.0,0.0,0.0,SHADOW_ONLY
2018-09-11,CO_GOLD,momentum[lookback=21],0.0,0.0,-0.0,SHADOW_ONLY
2018-09-12,CO_GOLD,momentum[lookback=21],0.0,0.0,0.0,SHADOW_ONLY
2018-09-13,CO_GOLD,momentum[lookback=21],0.0,0.0,-0.0,SHADOW_ONLY
2018-09-14,CO_GOLD,momentum[lookback=21],0.0,0.0,0.0,SHADOW_ONLY
2018-09-17,CO_GOLD,momentum[lookback=21],0.0,0.0,-0.0,SHADOW_ONLY
2018-09-18,CO_GOLD,momentum[lookback=21],0.0,0.0,-0.0,SHADOW_ONLY
2018-09-19,CO_GOLD,momentum[lookback=21],0.0,0.0,0.0,SHADOW_ONLY
2018-09-20,CO_GOLD,momentum[lookback=21],0.0,0.0,0.0,SHADOW_ONLY
2018-09-21,CO_GOLD,momentum[lookback=21],1.0,0.0,-0.001024633149811913,SHADOW_ONLY
2018-09-24,CO_GOLD,momentum[lookback=21],1.0,1.0,-0.014020428592411371,SHADOW_ONLY
2018-09-25,CO_GOLD,momentum[lookback=21],0.0,1.0,0.0008446893705645114,SHADOW_ONLY
2018-09-26,CO_GOLD,momentum[lookback=21],0.0,0.0,0.0,SHADOW_ONLY
2018-09-27,CO_GOLD,momentum[lookback=21],1.0,0.0,-0.0009703223664359634,SHADOW_ONLY
2018-09-28,CO_GOLD,momentum[lookback=21],0.0,1.0,0.003250651114720958,SHADOW_ONLY
2018-10-01,CO_GOLD,momentum[lookback=21],0.0,0.0,-0.0,SHADOW_ONLY
2018-10-02,CO_GOLD,momentum[lookback=21],0.0,0.0,-0.0,SHADOW_ONLY
2018-10-03,CO_GOLD,momentum[lookback=21],0.0,0.0,0.0,SHADOW_ONLY
2018-10-04,CO_GOLD,momentum[lookback=21],0.0,0.0,-0.0,SHADOW_ONLY
2018-10-05,CO_GOLD,momentum[lookback=21],0.0,0.0,0.0,SHADOW_ONLY
2018-10-08,CO_GOLD,momentum[lookback=21],1.0,0.0,-0.0010117909698388878,SHADOW_ONLY
2018-10-09,CO_GOLD,momentum[lookback=21],1.0,1.0,-0.009299196963686085,SHADOW_ONLY
2018-10-10,CO_GOLD,momentum[lookback=21],1.0,1.0,-0.008567047896662294,SHADOW_ONLY
2018-10-11,CO_GOLD,momentum[lookback=21],1.0,1.0,0.003371940298816156,SHADOW_ONLY
2018-10-12,CO_GOLD,momentum[lookback=21],1.0,1.0,0.004892459395293258,SHADOW_ONLY
2018-10-15,CO_GOLD,momentum[lookback=21],1.0,1.0,-0.010791879802185322,SHADOW_ONLY
2018-10-16,CO_GOLD,momentum[lookback=21],1.0,1.0,-0.008726821515164351,SHADOW_ONLY
2018-10-17,CO_GOLD,momentum[lookback=21],1.0,1.0,0.0017713968383608059,SHADOW_ONLY
2018-10-18,CO_GOLD,momentum[lookback=21],1.0,1.0,-0.0018761837230933942,SHADOW_ONLY
2018-10-19,CO_GOLD,momentum[lookback=21],1.0,1.0,-0.0008361410088235655,SHADOW_ONLY
2018-10-22,CO_GOLD,momentum[lookback=21],0.0,1.0,0.010164685602277226,SHADOW_ONLY
2018-10-23,CO_GOLD,momentum[lookback=21],0.0,0.0,0.0,SHADOW_ONLY
2018-10-24,CO_GOLD,momentum[lookback=21],1.0,0.0,-0.0009390103191661871,SHADOW_ONLY
2018-10-25,CO_GOLD,momentum[lookback=21],1.0,1.0,0.0009854689380410786,SHADOW_ONLY
2018-10-26,CO_GOLD,momentum[lookback=21],1.0,1.0,-0.002144288132125527,SHADOW_ONLY
2018-10-29,CO_GOLD,momentum[lookback=21],1.0,1.0,0.002729536848183667,SHADOW_ONLY
2018-10-30,CO_GOLD,momentum[lookback=21],1.0,1.0,-0.019643914922727657,SHADOW_ONLY
2018-10-31,CO_GOLD,momentum[lookback=21],0.0,1.0,-0.006558511088573705,SHADOW_ONLY
2018-11-01,CO_GOLD,momentum[lookback=21],0.0,0.0,0.0,SHADOW_ONLY
2017-11-17,CR_BTC,"ma_trend[fast=10,slow=200]",1.0,1.0,0.020943051655196276,SHADOW_ONLY
2017-11-20,CR_BTC,"ma_trend[fast=10,slow=200]",1.0,1.0,0.035577439140184186,SHADOW_ONLY
2017-11-21,CR_BTC,"ma_trend[fast=10,slow=200]",1.0,1.0,-0.045522332556613976,SHADOW_ONLY
2017-11-22,CR_BTC,"ma_trend[fast=10,slow=200]",1.0,1.0,-0.014541436501017913,SHADOW_ONLY
2017-11-23,CR_BTC,"ma_trend[fast=10,slow=200]",1.0,1.0,0.013000811012826352,SHADOW_ONLY
2017-11-24,CR_BTC,"ma_trend[fast=10,slow=200]",1.0,1.0,-0.020258253962013084,SHADOW_ONLY
2017-11-27,CR_BTC,"ma_trend[fast=10,slow=200]",1.0,1.0,0.031116184957296955,SHADOW_ONLY
2017-11-28,CR_BTC,"ma_trend[fast=10,slow=200]",1.0,1.0,-0.037177717950727884,SHADOW_ONLY
2017-11-29,CR_BTC,"ma_trend[fast=10,slow=200]",1.0,1.0,0.022094394772732784,SHADOW_ONLY
2017-11-30,CR_BTC,"ma_trend[fast=10,slow=200]",1.0,1.0,0.0026974849129646206,SHADOW_ONLY
2017-12-01,CR_BTC,"ma_trend[fast=10,slow=200]",1.0,1.0,0.018024968814762454,SHADOW_ONLY
2017-12-04,CR_BTC,"ma_trend[fast=10,slow=200]",1.0,1.0,0.012543271939067457,SHADOW_ONLY
2017-12-05,CR_BTC,"ma_trend[fast=10,slow=200]",1.0,1.0,0.012344845792716885,SHADOW_ONLY
2017-12-06,CR_BTC,"ma_trend[fast=10,slow=200]",1.0,1.0,-0.04277066669260088,SHADOW_ONLY
2017-12-07,CR_BTC,"ma_trend[fast=10,slow=200]",1.0,1.0,-0.018620136386954367,SHADOW_ONLY
2017-12-08,CR_BTC,"ma_trend[fast=10,slow=200]",1.0,1.0,0.02678169026177013,SHADOW_ONLY
2017-12-11,CR_BTC,"ma_trend[fast=10,slow=200]",1.0,1.0,0.020142319389749197,SHADOW_ONLY
2017-12-12,CR_BTC,"ma_trend[fast=10,slow=200]",1.0,1.0,-0.05016066658094909,SHADOW_ONLY
2017-12-13,CR_BTC,"ma_trend[fast=10,slow=200]",1.0,1.0,-0.032727317727585636,SHADOW_ONLY
2017-12-14,CR_BTC,"ma_trend[fast=10,slow=200]",1.0,1.0,0.026412617976954378,SHADOW_ONLY
2017-12-15,CR_BTC,"ma_trend[fast=10,slow=200]",1.0,1.0,-0.020694118090767377,SHADOW_ONLY
2017-12-18,CR_BTC,"ma_trend[fast=10,slow=200]",0.0,1.0,0.044510357133484196,SHADOW_ONLY
2017-12-19,CR_BTC,"ma_trend[fast=10,slow=200]",0.0,0.0,0.0,SHADOW_ONLY
2017-12-20,CR_BTC,"ma_trend[fast=10,slow=200]",0.0,0.0,0.0,SHADOW_ONLY
2017-12-21,CR_BTC,"ma_trend[fast=10,slow=200]",0.0,0.0,-0.0,SHADOW_ONLY
2017-12-22,CR_BTC,"ma_trend[fast=10,slow=200]",0.0,0.0,-0.0,SHADOW_ONLY
2017-12-25,CR_BTC,"ma_trend[fast=10,slow=200]",0.0,0.0,0.0,SHADOW_ONLY
2017-12-26,CR_BTC,"ma_trend[fast=10,slow=200]",0.0,0.0,-0.0,SHADOW_ONLY
2017-12-27,CR_BTC,"ma_trend[fast=10,slow=200]",0.0,0.0,-0.0,SHADOW_ONLY
2017-12-28,CR_BTC,"ma_trend[fast=10,slow=200]",0.0,0.0,0.0,SHADOW_ONLY
2017-12-29,CR_BTC,"ma_trend[fast=10,slow=200]",0.0,0.0,-0.03491529418285755,SHADOW_ONLY
2018-01-01,CR_BTC,"ma_trend[fast=10,slow=200]",0.0,0.0,-0.0,SHADOW_ONLY
2018-01-02,CR_BTC,"ma_trend[fast=10,slow=200]",0.0,0.0,0.0,SHADOW_ONLY
2018-01-03,CR_BTC,"ma_trend[fast=10,slow=200]",0.0,0.0,0.0,SHADOW_ONLY
2018-01-04,CR_BTC,"ma_trend[fast=10,slow=200]",0.0,0.0,0.0,SHADOW_ONLY
2018-01-05,CR_BTC,"ma_trend[fast=10,slow=200]",0.0,0.0,0.0,SHADOW_ONLY
2018-01-08,CR_BTC,"ma_trend[fast=10,slow=200]",0.0,0.0,0.0,SHADOW_ONLY
2018-01-09,CR_BTC,"ma_trend[fast=10,slow=200]",0.0,0.0,0.0,SHADOW_ONLY
2018-01-10,CR_BTC,"ma_trend[fast=10,slow=200]",0.0,0.0,0.0,SHADOW_ONLY
2018-01-11,CR_BTC,"ma_trend[fast=10,slow=200]",0.0,0.0,0.0,SHADOW_ONLY
2018-01-12,CR_BTC,"ma_trend[fast=10,slow=200]",1.0,0.0,-0.003727357827132965,SHADOW_ONLY
2018-01-15,CR_BTC,"ma_trend[fast=10,slow=200]",1.0,1.0,-0.002761580004260633,SHADOW_ONLY
2018-01-16,CR_BTC,"ma_trend[fast=10,slow=200]",1.0,1.0,-0.016488330549762176,SHADOW_ONLY
2018-01-17,CR_BTC,"ma_trend[fast=10,slow=200]",1.0,1.0,-0.01511562478359696,SHADOW_ONLY
2018-01-18,CR_BTC,"ma_trend[fast=10,slow=200]",1.0,1.0,0.00945630763306693,SHADOW_ONLY
2018-01-19,CR_BTC,"ma_trend[fast=10,slow=200]",1.0,1.0,-0.005746417733822007,SHADOW_ONLY
2018-01-22,CR_BTC,"ma_trend[fast=10,slow=200]",1.0,1.0,-0.044095227313876495,SHADOW_ONLY
2018-01-23,CR_BTC,"ma_trend[fast=10,slow=200]",1.0,1.0,0.03523017456089517,SHADOW_ONLY
2018-01-24,CR_BTC,"ma_trend[fast=10,slow=200]",1.0,1.0,-0.049593082467054184,SHADOW_ONLY
2018-01-25,CR_BTC,"ma_trend[fast=10,slow=200]",1.0,1.0,0.005484271315451039,SHADOW_ONLY
2018-01-26,CR_BTC,"ma_trend[fast=10,slow=200]",1.0,1.0,0.025533736371789795,SHADOW_ONLY
2018-01-29,CR_BTC,"ma_trend[fast=10,slow=200]",1.0,1.0,-0.037550982651687215,SHADOW_ONLY
2018-01-30,CR_BTC,"ma_trend[fast=10,slow=200]",1.0,1.0,-0.009861030914838254,SHADOW_ONLY
2018-01-31,CR_BTC,"ma_trend[fast=10,slow=200]",1.0,1.0,0.046950144806598315,SHADOW_ONLY
2018-02-01,CR_BTC,"ma_trend[fast=10,slow=200]",1.0,1.0,0.1014834769694628,SHADOW_ONLY
2018-02-02,CR_BTC,"ma_trend[fast=10,slow=200]",1.0,1.0,-0.055969206272658445,SHADOW_ONLY
2018-02-05,CR_BTC,"ma_trend[fast=10,slow=200]",1.0,1.0,-0.07130005677631002,SHADOW_ONLY
2018-02-06,CR_BTC,"ma_trend[fast=10,slow=200]",1.0,1.0,-0.03109532033672624,SHADOW_ONLY
2018-02-07,CR_BTC,"ma_trend[fast=10,slow=200]",1.0,1.0,-0.016804897030446075,SHADOW_ONLY
2018-02-08,CR_BTC,"ma_trend[fast=10,slow=200]",1.0,1.0,0.04459659821958328,SHADOW_ONLY
2018-02-09,CR_BTC,"ma_trend[fast=10,slow=200]",1.0,1.0,-0.04172165910499959,SHADOW_ONLY
2018-02-12,CR_BTC,"ma_trend[fast=10,slow=200]",1.0,1.0,-0.04307512043892192,SHADOW_ONLY
2018-02-13,CR_BTC,"ma_trend[fast=10,slow=200]",1.0,1.0,-0.05638102309529058,SHADOW_ONLY
2018-02-14,CR_BTC,"ma_trend[fast=10,slow=200]",1.0,1.0,-0.029889345836266457,SHADOW_ONLY
2018-02-15,CR_BTC,"ma_trend[fast=10,slow=200]",1.0,1.0,0.003632188198595232,SHADOW_ONLY
2018-02-16,CR_BTC,"ma_trend[fast=10,slow=200]",1.0,1.0,-0.020095739575902827,SHADOW_ONLY
2018-02-19,CR_BTC,"ma_trend[fast=10,slow=200]",0.0,1.0,-0.0282133174582065,SHADOW_ONLY
2018-02-20,CR_BTC,"ma_trend[fast=10,slow=200]",0.0,0.0,0.0,SHADOW_ONLY
2018-02-21,CR_BTC,"ma_trend[fast=10,slow=200]",0.0,0.0,0.0,SHADOW_ONLY
2018-02-22,CR_BTC,"ma_trend[fast=10,slow=200]",0.0,0.0,0.0,SHADOW_ONLY
2018-02-23,CR_BTC,"ma_trend[fast=10,slow=200]",0.0,0.0,-0.0,SHADOW_ONLY
2018-02-26,CR_BTC,"ma_trend[fast=10,slow=200]",0.0,0.0,-0.0,SHADOW_ONLY
2018-02-27,CR_BTC,"ma_trend[fast=10,slow=200]",0.0,0.0,0.0,SHADOW_ONLY
2018-02-28,CR_BTC,"ma_trend[fast=10,slow=200]",0.0,0.0,0.0,SHADOW_ONLY
2018-03-01,CR_BTC,"ma_trend[fast=10,slow=200]",0.0,0.0,0.0,SHADOW_ONLY
2018-03-02,CR_BTC,"ma_trend[fast=10,slow=200]",0.0,0.0,0.0,SHADOW_ONLY
2018-03-05,CR_BTC,"ma_trend[fast=10,slow=200]",0.0,0.0,-0.0,SHADOW_ONLY
2018-03-06,CR_BTC,"ma_trend[fast=10,slow=200]",0.0,0.0,0.0,SHADOW_ONLY
2018-03-07,CR_BTC,"ma_trend[fast=10,slow=200]",0.0,0.0,-0.0,SHADOW_ONLY
2018-03-08,CR_BTC,"ma_trend[fast=10,slow=200]",1.0,0.0,-0.0039904065773627454,SHADOW_ONLY
2018-03-09,CR_BTC,"ma_trend[fast=10,slow=200]",1.0,1.0,-0.022378744867670775,SHADOW_ONLY
2018-03-12,CR_BTC,"ma_trend[fast=10,slow=200]",1.0,1.0,-0.026998913938523494,SHADOW_ONLY
2018-03-13,CR_BTC,"ma_trend[fast=10,slow=200]",1.0,1.0,0.019653922590220363,SHADOW_ONLY
2018-03-14,CR_BTC,"ma_trend[fast=10,slow=200]",1.0,1.0,-0.09257306576198954,SHADOW_ONLY
2018-03-15,CR_BTC,"ma_trend[fast=10,slow=200]",1.0,1.0,-0.056876409458391675,SHADOW_ONLY
2018-03-16,CR_BTC,"ma_trend[fast=10,slow=200]",1.0,1.0,0.00878809065048558,SHADOW_ONLY
2018-03-19,CR_BTC,"ma_trend[fast=10,slow=200]",0.0,1.0,-0.0026305262452265363,SHADOW_ONLY
2018-03-20,CR_BTC,"ma_trend[fast=10,slow=200]",0.0,0.0,-0.0,SHADOW_ONLY
2018-03-21,CR_BTC,"ma_trend[fast=10,slow=200]",0.0,0.0,0.0,SHADOW_ONLY
2018-03-22,CR_BTC,"ma_trend[fast=10,slow=200]",0.0,0.0,0.0,SHADOW_ONLY
2018-03-23,CR_BTC,"ma_trend[fast=10,slow=200]",0.0,0.0,0.0,SHADOW_ONLY
2018-03-26,CR_BTC,"ma_trend[fast=10,slow=200]",0.0,0.0,0.0,SHADOW_ONLY
2018-03-27,CR_BTC,"ma_trend[fast=10,slow=200]",0.0,0.0,0.0,SHADOW_ONLY
2018-03-28,CR_BTC,"ma_trend[fast=10,slow=200]",0.0,0.0,0.0,SHADOW_ONLY
2018-03-29,CR_BTC,"ma_trend[fast=10,slow=200]",0.0,0.0,0.0,SHADOW_ONLY
2018-03-30,CR_BTC,"ma_trend[fast=10,slow=200]",0.0,0.0,-0.0,SHADOW_ONLY
2018-04-02,CR_BTC,"ma_trend[fast=10,slow=200]",0.0,0.0,-0.0,SHADOW_ONLY
2018-04-03,CR_BTC,"ma_trend[fast=10,slow=200]",0.0,0.0,0.0,SHADOW_ONLY
2018-04-04,CR_BTC,"ma_trend[fast=10,slow=200]",0.0,0.0,0.0,SHADOW_ONLY
2018-04-05,CR_BTC,"ma_trend[fast=10,slow=200]",1.0,0.0,-0.0036090063690911306,SHADOW_ONLY
2018-04-06,CR_BTC,"ma_trend[fast=10,slow=200]",1.0,1.0,0.0014771632963281878,SHADOW_ONLY
2018-04-09,CR_BTC,"ma_trend[fast=10,slow=200]",1.0,1.0,-0.08689405332198408,SHADOW_ONLY
2018-04-10,CR_BTC,"ma_trend[fast=10,slow=200]",1.0,1.0,-0.09775959250431376,SHADOW_ONLY
2018-04-11,CR_BTC,"ma_trend[fast=10,slow=200]",1.0,1.0,-0.02068596630504227,SHADOW_ONLY
2018-04-12,CR_BTC,"ma_trend[fast=10,slow=200]",1.0,1.0,0.0008617912611794676,SHADOW_ONLY
2018-04-13,CR_BTC,"ma_trend[fast=10,slow=200]",1.0,1.0,-0.015733930794294193,SHADOW_ONLY
2018-04-16,CR_BTC,"ma_trend[fast=10,slow=200]",1.0,1.0,0.01909208338283097,SHADOW_ONLY
2018-04-17,CR_BTC,"ma_trend[fast=10,slow=200]",1.0,1.0,0.01583741200185651,SHADOW_ONLY
2018-04-18,CR_BTC,"ma_trend[fast=10,slow=200]",1.0,1.0,-0.01947376914864485,SHADOW_ONLY
2018-04-19,CR_BTC,"ma_trend[fast=10,slow=200]",1.0,1.0,0.048610295462401254,SHADOW_ONLY
2018-04-20,CR_BTC,"ma_trend[fast=10,slow=200]",0.0,1.0,0.054783397129611264,SHADOW_ONLY
2018-04-23,CR_BTC,"ma_trend[fast=10,slow=200]",0.0,0.0,0.0,SHADOW_ONLY
2018-04-24,CR_BTC,"ma_trend[fast=10,slow=200]",0.0,0.0,-0.0,SHADOW_ONLY
2018-04-25,CR_BTC,"ma_trend[fast=10,slow=200]",0.0,0.0,-0.0,SHADOW_ONLY
2018-04-26,CR_BTC,"ma_trend[fast=10,slow=200]",0.0,0.0,0.0,SHADOW_ONLY
2018-04-27,CR_BTC,"ma_trend[fast=10,slow=200]",0.0,0.0,-0.0,SHADOW_ONLY
2018-04-30,CR_BTC,"ma_trend[fast=10,slow=200]",0.0,0.0,-0.0,SHADOW_ONLY
2018-05-01,CR_BTC,"ma_trend[fast=10,slow=200]",0.0,0.0,0.0,SHADOW_ONLY
2018-05-02,CR_BTC,"ma_trend[fast=10,slow=200]",0.0,0.0,0.0,SHADOW_ONLY
2018-05-03,CR_BTC,"ma_trend[fast=10,slow=200]",0.0,0.0,-0.0,SHADOW_ONLY
2018-05-04,CR_BTC,"ma_trend[fast=10,slow=200]",0.0,0.0,0.0,SHADOW_ONLY
2018-05-07,CR_BTC,"ma_trend[fast=10,slow=200]",0.0,0.0,-0.0,SHADOW_ONLY
2018-05-08,CR_BTC,"ma_trend[fast=10,slow=200]",0.0,0.0,-0.0,SHADOW_ONLY
2018-05-09,CR_BTC,"ma_trend[fast=10,slow=200]",0.0,0.0,0.0,SHADOW_ONLY
2018-05-10,CR_BTC,"ma_trend[fast=10,slow=200]",0.0,0.0,0.0,SHADOW_ONLY
2018-05-11,CR_BTC,"ma_trend[fast=10,slow=200]",1.0,0.0,-0.0029435938021460765,SHADOW_ONLY
2018-05-14,CR_BTC,"ma_trend[fast=10,slow=200]",1.0,1.0,0.0004734230197047662,SHADOW_ONLY
2018-05-15,CR_BTC,"ma_trend[fast=10,slow=200]",1.0,1.0,-0.016282903561512074,SHADOW_ONLY
2018-05-16,CR_BTC,"ma_trend[fast=10,slow=200]",1.0,1.0,-0.06587534626497749,SHADOW_ONLY
2018-05-17,CR_BTC,"ma_trend[fast=10,slow=200]",1.0,1.0,-0.0045449176256404655,SHADOW_ONLY
2018-05-18,CR_BTC,"ma_trend[fast=10,slow=200]",1.0,1.0,-0.023596822525703387,SHADOW_ONLY
2018-05-21,CR_BTC,"ma_trend[fast=10,slow=200]",1.0,1.0,-0.058834511978284154,SHADOW_ONLY
2018-05-22,CR_BTC,"ma_trend[fast=10,slow=200]",1.0,1.0,-0.014965305441505872,SHADOW_ONLY
2018-05-23,CR_BTC,"ma_trend[fast=10,slow=200]",0.0,1.0,0.04294491984309907,SHADOW_ONLY
2018-05-24,CR_BTC,"ma_trend[fast=10,slow=200]",0.0,0.0,-0.0,SHADOW_ONLY
2018-05-25,CR_BTC,"ma_trend[fast=10,slow=200]",0.0,0.0,0.0,SHADOW_ONLY
2018-05-28,CR_BTC,"ma_trend[fast=10,slow=200]",0.0,0.0,-0.0,SHADOW_ONLY
2018-05-29,CR_BTC,"ma_trend[fast=10,slow=200]",0.0,0.0,-0.0,SHADOW_ONLY
2018-05-30,CR_BTC,"ma_trend[fast=10,slow=200]",0.0,0.0,-0.0,SHADOW_ONLY
2018-05-31,CR_BTC,"ma_trend[fast=10,slow=200]",0.0,0.0,-0.0,SHADOW_ONLY
2018-06-01,CR_BTC,"ma_trend[fast=10,slow=200]",0.0,0.0,0.0,SHADOW_ONLY
2018-06-04,CR_BTC,"ma_trend[fast=10,slow=200]",0.0,0.0,0.0,SHADOW_ONLY
2018-06-05,CR_BTC,"ma_trend[fast=10,slow=200]",0.0,0.0,0.0,SHADOW_ONLY
2018-06-06,CR_BTC,"ma_trend[fast=10,slow=200]",0.0,0.0,-0.0,SHADOW_ONLY
2018-06-07,CR_BTC,"ma_trend[fast=10,slow=200]",0.0,0.0,0.0,SHADOW_ONLY
2018-06-08,CR_BTC,"ma_trend[fast=10,slow=200]",0.0,0.0,0.0,SHADOW_ONLY
2018-06-11,CR_BTC,"ma_trend[fast=10,slow=200]",0.0,0.0,0.0,SHADOW_ONLY
2018-06-12,CR_BTC,"ma_trend[fast=10,slow=200]",0.0,0.0,0.0,SHADOW_ONLY
2018-06-13,CR_BTC,"ma_trend[fast=10,slow=200]",0.0,0.0,-0.0,SHADOW_ONLY
2018-06-14,CR_BTC,"ma_trend[fast=10,slow=200]",0.0,0.0,-0.0,SHADOW_ONLY
2018-06-15,CR_BTC,"ma_trend[fast=10,slow=200]",0.0,0.0,0.0,SHADOW_ONLY
2018-06-18,CR_BTC,"ma_trend[fast=10,slow=200]",0.0,0.0,0.0,SHADOW_ONLY
2018-06-19,CR_BTC,"ma_trend[fast=10,slow=200]",1.0,0.0,-0.002868090217512338,SHADOW_ONLY
2018-06-20,CR_BTC,"ma_trend[fast=10,slow=200]",1.0,1.0,0.03796084199498817,SHADOW_ONLY
2018-06-21,CR_BTC,"ma_trend[fast=10,slow=200]",1.0,1.0,0.01940518471621777,SHADOW_ONLY
2018-06-22,CR_BTC,"ma_trend[fast=10,slow=200]",1.0,1.0,-0.044786604349501435,SHADOW_ONLY
2018-06-25,CR_BTC,"ma_trend[fast=10,slow=200]",1.0,1.0,-0.021478139354160874,SHADOW_ONLY
2018-06-26,CR_BTC,"ma_trend[fast=10,slow=200]",1.0,1.0,-0.018156024681253435,SHADOW_ONLY
2018-06-27,CR_BTC,"ma_trend[fast=10,slow=200]",1.0,1.0,-0.03450255057256835,SHADOW_ONLY
2018-06-28,CR_BTC,"ma_trend[fast=10,slow=200]",1.0,1.0,0.037966318196806625,SHADOW_ONLY
2018-06-29,CR_BTC,"ma_trend[fast=10,slow=200]",1.0,1.0,-0.03729226831323562,SHADOW_ONLY
2018-07-02,CR_BTC,"ma_trend[fast=10,slow=200]",1.0,1.0,0.020976246241278806,SHADOW_ONLY
2018-07-03,CR_BTC,"ma_trend[fast=10,slow=200]",1.0,1.0,0.07173103185560104,SHADOW_ONLY
2018-07-04,CR_BTC,"ma_trend[fast=10,slow=200]",1.0,1.0,-0.03280526142273743,SHADOW_ONLY
2018-07-05,CR_BTC,"ma_trend[fast=10,slow=200]",1.0,1.0,0.024318045082823536,SHADOW_ONLY
2018-07-06,CR_BTC,"ma_trend[fast=10,slow=200]",1.0,1.0,0.07057854739383118,SHADOW_ONLY
2018-07-09,CR_BTC,"ma_trend[fast=10,slow=200]",1.0,1.0,-0.03864300487562555,SHADOW_ONLY
2018-07-10,CR_BTC,"ma_trend[fast=10,slow=200]",1.0,1.0,-0.052184288068383156,SHADOW_ONLY
2018-07-11,CR_BTC,"ma_trend[fast=10,slow=200]",1.0,1.0,0.027166560635582426,SHADOW_ONLY
2018-07-12,CR_BTC,"ma_trend[fast=10,slow=200]",1.0,1.0,-0.0019051168293409138,SHADOW_ONLY
2018-07-13,CR_BTC,"ma_trend[fast=10,slow=200]",1.0,1.0,0.01377666472346828,SHADOW_ONLY
2018-07-16,CR_BTC,"ma_trend[fast=10,slow=200]",1.0,1.0,0.01940293938563098,SHADOW_ONLY
2018-07-17,CR_BTC,"ma_trend[fast=10,slow=200]",1.0,1.0,-0.05460117059566916,SHADOW_ONLY
2018-07-18,CR_BTC,"ma_trend[fast=10,slow=200]",1.0,1.0,-0.027333965952749173,SHADOW_ONLY
2018-07-19,CR_BTC,"ma_trend[fast=10,slow=200]",1.0,1.0,0.03713475241009423,SHADOW_ONLY
2018-07-20,CR_BTC,"ma_trend[fast=10,slow=200]",1.0,1.0,-0.052792718182447795,SHADOW_ONLY
2018-07-23,CR_BTC,"ma_trend[fast=10,slow=200]",1.0,1.0,-0.04785523374500822,SHADOW_ONLY
2018-07-24,CR_BTC,"ma_trend[fast=10,slow=200]",1.0,1.0,-0.027475714565834197,SHADOW_ONLY
2018-07-25,CR_BTC,"ma_trend[fast=10,slow=200]",0.0,1.0,0.07411746661976418,SHADOW_ONLY
2018-07-26,CR_BTC,"ma_trend[fast=10,slow=200]",0.0,0.0,-0.0,SHADOW_ONLY
2018-07-27,CR_BTC,"ma_trend[fast=10,slow=200]",0.0,0.0,-0.0,SHADOW_ONLY
2018-07-30,CR_BTC,"ma_trend[fast=10,slow=200]",0.0,0.0,0.0,SHADOW_ONLY
2018-07-31,CR_BTC,"ma_trend[fast=10,slow=200]",0.0,0.0,0.0,SHADOW_ONLY
2018-08-01,CR_BTC,"ma_trend[fast=10,slow=200]",0.0,0.0,0.0,SHADOW_ONLY
2018-08-02,CR_BTC,"ma_trend[fast=10,slow=200]",0.0,0.0,-0.0,SHADOW_ONLY
2018-08-03,CR_BTC,"ma_trend[fast=10,slow=200]",0.0,0.0,0.0,SHADOW_ONLY
2018-08-06,CR_BTC,"ma_trend[fast=10,slow=200]",0.0,0.0,0.0,SHADOW_ONLY
2018-08-07,CR_BTC,"ma_trend[fast=10,slow=200]",0.0,0.0,0.0,SHADOW_ONLY
2018-08-08,CR_BTC,"ma_trend[fast=10,slow=200]",0.0,0.0,-0.0,SHADOW_ONLY
2018-08-09,CR_BTC,"ma_trend[fast=10,slow=200]",0.0,0.0,-0.0,SHADOW_ONLY
2018-08-10,CR_BTC,"ma_trend[fast=10,slow=200]",0.0,0.0,-0.0,SHADOW_ONLY
2018-08-13,CR_BTC,"ma_trend[fast=10,slow=200]",0.0,0.0,-0.0,SHADOW_ONLY
2018-08-14,CR_BTC,"ma_trend[fast=10,slow=200]",0.0,0.0,-0.0,SHADOW_ONLY
2018-08-15,CR_BTC,"ma_trend[fast=10,slow=200]",0.0,0.0,-0.0,SHADOW_ONLY
2018-08-16,CR_BTC,"ma_trend[fast=10,slow=200]",0.0,0.0,-0.0,SHADOW_ONLY
2018-08-17,CR_BTC,"ma_trend[fast=10,slow=200]",0.0,0.0,-0.0,SHADOW_ONLY
2018-08-20,CR_BTC,"ma_trend[fast=10,slow=200]",0.0,0.0,0.0,SHADOW_ONLY
2018-08-21,CR_BTC,"ma_trend[fast=10,slow=200]",0.0,0.0,-0.0,SHADOW_ONLY
2018-08-22,CR_BTC,"ma_trend[fast=10,slow=200]",0.0,0.0,-0.0,SHADOW_ONLY
2018-08-23,CR_BTC,"ma_trend[fast=10,slow=200]",0.0,0.0,-0.0,SHADOW_ONLY
2018-08-24,CR_BTC,"ma_trend[fast=10,slow=200]",0.0,0.0,0.0,SHADOW_ONLY
2018-08-27,CR_BTC,"ma_trend[fast=10,slow=200]",0.0,0.0,-0.0,SHADOW_ONLY
2018-08-28,CR_BTC,"ma_trend[fast=10,slow=200]",0.0,0.0,-0.0,SHADOW_ONLY
2018-08-29,CR_BTC,"ma_trend[fast=10,slow=200]",0.0,0.0,0.0,SHADOW_ONLY
2018-08-30,CR_BTC,"ma_trend[fast=10,slow=200]",0.0,0.0,0.0,SHADOW_ONLY
2018-08-31,CR_BTC,"ma_trend[fast=10,slow=200]",0.0,0.0,-0.0,SHADOW_ONLY
2018-09-03,CR_BTC,"ma_trend[fast=10,slow=200]",0.0,0.0,0.0,SHADOW_ONLY
2018-09-04,CR_BTC,"ma_trend[fast=10,slow=200]",0.0,0.0,0.0,SHADOW_ONLY
2018-09-05,CR_BTC,"ma_trend[fast=10,slow=200]",0.0,0.0,0.0,SHADOW_ONLY
2018-09-06,CR_BTC,"ma_trend[fast=10,slow=200]",0.0,0.0,0.0,SHADOW_ONLY
2018-09-07,CR_BTC,"ma_trend[fast=10,slow=200]",0.0,0.0,0.0,SHADOW_ONLY
2018-09-10,CR_BTC,"ma_trend[fast=10,slow=200]",0.0,0.0,0.0,SHADOW_ONLY
2018-09-11,CR_BTC,"ma_trend[fast=10,slow=200]",1.0,0.0,-0.003496807975775241,SHADOW_ONLY
2018-09-12,CR_BTC,"ma_trend[fast=10,slow=200]",1.0,1.0,-0.0045159071073129775,SHADOW_ONLY
2018-09-13,CR_BTC,"ma_trend[fast=10,slow=200]",1.0,1.0,0.03435653084788726,SHADOW_ONLY
2018-09-14,CR_BTC,"ma_trend[fast=10,slow=200]",1.0,1.0,-0.0033226999154823966,SHADOW_ONLY
2018-09-17,CR_BTC,"ma_trend[fast=10,slow=200]",1.0,1.0,0.018830621473941322,SHADOW_ONLY
2018-09-18,CR_BTC,"ma_trend[fast=10,slow=200]",1.0,1.0,-0.0247646798101836,SHADOW_ONLY
2018-09-19,CR_BTC,"ma_trend[fast=10,slow=200]",1.0,1.0,0.023754607193110955,SHADOW_ONLY
2018-09-20,CR_BTC,"ma_trend[fast=10,slow=200]",1.0,1.0,-0.05138821866912102,SHADOW_ONLY
2018-09-21,CR_BTC,"ma_trend[fast=10,slow=200]",1.0,1.0,-0.005838299676398373,SHADOW_ONLY
2018-09-24,CR_BTC,"ma_trend[fast=10,slow=200]",1.0,1.0,-0.026317402176727844,SHADOW_ONLY
2018-09-25,CR_BTC,"ma_trend[fast=10,slow=200]",1.0,1.0,-0.023359792591131856,SHADOW_ONLY
2018-09-26,CR_BTC,"ma_trend[fast=10,slow=200]",1.0,1.0,-0.06629955900834394,SHADOW_ONLY
2018-09-27,CR_BTC,"ma_trend[fast=10,slow=200]",1.0,1.0,0.04603123203446646,SHADOW_ONLY
2018-09-28,CR_BTC,"ma_trend[fast=10,slow=200]",1.0,1.0,-0.058525861254689726,SHADOW_ONLY
2018-10-01,CR_BTC,"ma_trend[fast=10,slow=200]",1.0,1.0,0.05377871447367921,SHADOW_ONLY
2018-10-02,CR_BTC,"ma_trend[fast=10,slow=200]",1.0,1.0,0.0020798175778200534,SHADOW_ONLY
2018-10-03,CR_BTC,"ma_trend[fast=10,slow=200]",1.0,1.0,-0.05836205984399967,SHADOW_ONLY
2018-10-04,CR_BTC,"ma_trend[fast=10,slow=200]",1.0,1.0,-0.011067538763383622,SHADOW_ONLY
2018-10-05,CR_BTC,"ma_trend[fast=10,slow=200]",1.0,1.0,0.11560004397032086,SHADOW_ONLY
2018-10-08,CR_BTC,"ma_trend[fast=10,slow=200]",1.0,1.0,-0.06936251524275927,SHADOW_ONLY
2018-10-09,CR_BTC,"ma_trend[fast=10,slow=200]",1.0,1.0,-0.01945691857764753,SHADOW_ONLY
2018-10-10,CR_BTC,"ma_trend[fast=10,slow=200]",1.0,1.0,-0.07347519661737956,SHADOW_ONLY
2018-10-11,CR_BTC,"ma_trend[fast=10,slow=200]",1.0,1.0,0.06045593295136653,SHADOW_ONLY
2018-10-12,CR_BTC,"ma_trend[fast=10,slow=200]",1.0,1.0,0.05405502716057753,SHADOW_ONLY
2018-10-15,CR_BTC,"ma_trend[fast=10,slow=200]",1.0,1.0,0.0030853380079078896,SHADOW_ONLY
2018-10-16,CR_BTC,"ma_trend[fast=10,slow=200]",1.0,1.0,0.019417742252631154,SHADOW_ONLY
2018-10-17,CR_BTC,"ma_trend[fast=10,slow=200]",1.0,1.0,-0.020629478495570508,SHADOW_ONLY
2018-10-18,CR_BTC,"ma_trend[fast=10,slow=200]",1.0,1.0,0.023755955905004678,SHADOW_ONLY
2018-10-19,CR_BTC,"ma_trend[fast=10,slow=200]",1.0,1.0,0.08062081231641471,SHADOW_ONLY
2018-10-22,CR_BTC,"ma_trend[fast=10,slow=200]",1.0,1.0,-0.06483989231047327,SHADOW_ONLY
2018-10-23,CR_BTC,"ma_trend[fast=10,slow=200]",1.0,1.0,0.0003809792072397844,SHADOW_ONLY
2018-10-24,CR_BTC,"ma_trend[fast=10,slow=200]",1.0,1.0,0.010961785806544722,SHADOW_ONLY
2018-10-25,CR_BTC,"ma_trend[fast=10,slow=200]",1.0,1.0,-0.020018731849830163,SHADOW_ONLY
2018-10-26,CR_BTC,"ma_trend[fast=10,slow=200]",1.0,1.0,-0.001384020106592554,SHADOW_ONLY
2018-10-29,CR_BTC,"ma_trend[fast=10,slow=200]",1.0,1.0,0.023586329230280034,SHADOW_ONLY
2018-10-30,CR_BTC,"ma_trend[fast=10,slow=200]",1.0,1.0,-0.058831795275689935,SHADOW_ONLY
2018-10-31,CR_BTC,"ma_trend[fast=10,slow=200]",1.0,1.0,-0.07457056965960684,SHADOW_ONLY
2018-11-01,CR_BTC,"ma_trend[fast=10,slow=200]",1.0,1.0,-0.02234243983020079,SHADOW_ONLY
